PrName,Out.SubInd,N.Obs,N.Studies,vote_mean,variable,value,direction
Improved Livestock Diet,Variable Cost,1,1,2,posT_negC,0,positive
Improved Livestock Diet,Gross Profit,1,1,2,posT_negC,0,positive
Reduced Tillage,Variable Cost,420,55,-0.415468023924546,posT_negC,1,positive
Reduced Tillage,Gross Revenue,394,49,0.117071802543007,posT_negC,0,positive
Reduced Tillage,Gross Profit,610,64,0.541374389087684,posT_negC,21,positive
Reduced Tillage,Labour Cost per Asset,1,1,1,posT_negC,0,positive
Reduced Tillage,Net Profit,58,11,0.588642276422764,posT_negC,1,positive
Reduced Tillage,Benefit Cost Ratio (NPTC),66,9,0.676822916666667,posT_negC,2,positive
Reduced Tillage,Marginal Rate of Return,1,1,1.001,posT_negC,1,positive
Reduced Tillage,Total Cost,56,10,-0.238571428571429,posT_negC,0,positive
Reduced Tillage,Benefit Cost Ratio (GPVC),452,54,0.639902252567694,posT_negC,9,positive
Reduced Tillage,Total Cost (Unconfirmed),2,1,0,posT_negC,0,positive
Reduced Tillage,Net Present Value,7,1,1.71442857142857,posT_negC,1,positive
Reduced Tillage,Internal Rate of Return,7,1,1.85714285714286,posT_negC,0,positive
Reduced Tillage,Payback Period,7,1,2,posT_negC,0,positive
Reduced Tillage,Fixed Cost,4,1,0,posT_negC,0,positive
Reduced Tillage,Benefit Cost Ratio (Unspecified),6,1,-1.5,posT_negC,0,positive
Reduced Erosion,Variable Cost,30,7,0.574175824175824,posT_negC,0,positive
Reduced Erosion,Gross Revenue,25,7,0.979591836734694,posT_negC,0,positive
Reduced Erosion,Gross Profit,40,9,0.598636363636364,posT_negC,2,positive
Reduced Erosion,Net Profit (Unconfirmed),23,2,1.21435714285714,posT_negC,1,positive
Reduced Erosion,Benefit Cost Ratio (Unspecified),10,1,0.9,posT_negC,0,positive
Reduced Erosion,Benefit Cost Ratio (GPVC),44,7,0.20881043956044,posT_negC,1,positive
Reduced Erosion,Net Profit,1,1,0,posT_negC,0,positive
Biochar,Gross Revenue,106,9,0.625446428571429,posT_negC,0,positive
Biochar,Gross Profit,130,10,0.510483870967742,posT_negC,0,positive
Biochar,Total Cost,83,4,0.3375,posT_negC,0,positive
Biochar,Variable Cost,130,10,0.825806451612903,posT_negC,0,positive
Biochar,Total Cost (Unconfirmed),15,1,-0.4,posT_negC,0,positive
Biochar,Net Profit,83,4,0.922222222222222,posT_negC,0,positive
Biochar,Benefit Cost Ratio (GPVC),122,10,0.0752204301075269,posT_negC,4,positive
Biochar,Benefit Cost Ratio (NPTC),83,4,0.172222222222222,posT_negC,0,positive
Agroforestry,Gross Revenue,45,9,0.189784946236559,posT_negC,0,positive
Agroforestry,Variable Cost,42,7,-0.178571428571429,posT_negC,0,positive
Agroforestry,Gross Profit,42,8,0.0376344086021505,posT_negC,0,positive
Agroforestry,Net Profit,12,3,0.142833333333333,posT_negC,1,positive
Agroforestry,Total Cost,12,3,0.80952380952381,posT_negC,0,positive
Agroforestry,Net Present Value,53,3,-0.286981481481482,posT_negC,1,positive
Agroforestry,Benefit Cost Ratio (GPVC),41,7,0.69952380952381,posT_negC,2,positive
Agroforestry,Present Value of Benefit,2,1,2,posT_negC,0,positive
Agroforestry,Present Value of Cost,2,1,1,posT_negC,0,positive
Agroforestry,Benefit Cost Ratio (NPTC),12,3,-0.416666666666667,posT_negC,0,positive
Intercropping,Gross Profit,232,21,0.664321987951807,posT_negC,21,positive
Intercropping,Gross Revenue,136,20,1.00362165963432,posT_negC,0,positive
Intercropping,Net Profit,3,1,1.66666666666667,posT_negC,0,positive
Intercropping,Variable Cost,123,16,0.635740740740741,posT_negC,0,positive
Intercropping,Returns to Labour,27,1,1.40740740740741,posT_negC,0,positive
Intercropping,Labour Cost per Asset,19,2,1.5,posT_negC,0,positive
Intercropping,Benefit Cost Ratio (GPVC),124,16,0.651698888888889,posT_negC,0,positive
Intercropping,Marginal Rate of Return,8,2,-0.857142857142857,posT_negC,0,positive
Intercropping,Benefit Cost Ratio (Unspecified),20,1,0.6,posT_negC,0,positive
Intercropping,Net Profit (Unconfirmed),19,3,1.52068253968254,posT_negC,1,positive
Intercropping,Net Present Value,6,2,1.3755,posT_negC,2,positive
Intercropping,Internal Rate of Return,5,1,1.8,posT_negC,0,positive
Intercropping,Payback Period,5,1,2,posT_negC,0,positive
Intercropping,Total Cost (Unconfirmed),12,2,0.4,posT_negC,0,positive
Intercropping,Benefit Cost Ratio (NPTC),9,2,0.5,posT_negC,0,positive
Intercropping,Total Cost,3,1,0.666666666666667,posT_negC,0,positive
Residue/Mulch,Gross Profit,537,56,0.427953589145897,posT_negC,26,positive
Residue/Mulch,Gross Revenue,281,41,0.41363242739142,posT_negC,0,positive
Residue/Mulch,Variable Cost,317,46,0.0746940789473684,posT_negC,6,positive
Residue/Mulch,Benefit Cost Ratio (GPVC),343,45,0.262668807069143,posT_negC,9,positive
Residue/Mulch,Total Cost (Unconfirmed),8,1,0,posT_negC,0,positive
Residue/Mulch,Net Profit,33,8,0.8,posT_negC,0,positive
Residue/Mulch,Present Value of Benefit,2,1,2,posT_negC,0,positive
Residue/Mulch,Present Value of Cost,2,1,0,posT_negC,0,positive
Residue/Mulch,Net Present Value,2,1,2,posT_negC,0,positive
Residue/Mulch,Return on Investment,2,1,2,posT_negC,0,positive
Residue/Mulch,Total Cost,31,7,0.0520833333333333,posT_negC,0,positive
Residue/Mulch,Benefit Cost Ratio (NPTC),33,6,1.06349206349206,posT_negC,0,positive
Residue/Mulch,Net Profit (Unconfirmed),8,2,1.68261904761905,posT_negC,1,positive
Residue/Mulch,Return to Labour,2,1,-0.5005,posT_negC,0,positive
Residue/Mulch,Benefit Cost Ratio (Unspecified),5,1,-1.6,posT_negC,0,positive
Reduced Irrigation,Gross Revenue,166,23,0.337156862745098,posT_negC,0,positive
Reduced Irrigation,Gross Profit,181,24,0.461852713178295,posT_negC,0,positive
Reduced Irrigation,Variable Cost,161,21,-0.154934210526316,posT_negC,0,positive
Reduced Irrigation,Total Cost,44,4,-0.115384615384615,posT_negC,0,positive
Reduced Irrigation,Net Profit,41,4,0.455555555555556,posT_negC,0,positive
Reduced Irrigation,Total Cost (Unconfirmed),10,2,0,posT_negC,0,positive
Reduced Irrigation,Net Profit (Unconfirmed),23,3,0.967733766233766,posT_negC,7,positive
Reduced Irrigation,Benefit Cost Ratio (NPTC),44,4,0.284615384615385,posT_negC,0,positive
Reduced Irrigation,Benefit Cost Ratio (GPVC),186,21,0.385921052631579,posT_negC,7,positive
Reduced Irrigation,Benefit Cost Ratio (Unspecified),2,1,-0.5,posT_negC,0,positive
Rotation,Gross Revenue,36,14,1.09271523178808,posT_negC,0,positive
Rotation,Gross Profit,99,21,0.63416393442623,posT_negC,2,positive
Rotation,Returns to Labour,54,1,1.68518518518519,posT_negC,0,positive
Rotation,Benefit Cost Ratio (Unspecified),5,2,0.25,posT_negC,0,positive
Rotation,Variable Cost,59,15,1.58064516129032,posT_negC,0,positive
Rotation,Benefit Cost Ratio (GPVC),63,15,0.870760368663595,posT_negC,0,positive
Rotation,Total Cost (Unconfirmed),2,1,2,posT_negC,0,positive
Rotation,Total Cost,8,2,0.5,posT_negC,0,positive
Rotation,Net Profit,8,2,2,posT_negC,0,positive
Rotation,Net Profit (Unconfirmed),8,2,1.68261904761905,posT_negC,1,positive
Rotation,Net Present Value,5,1,1.6004,posT_negC,2,positive
Rotation,Internal Rate of Return,5,1,2,posT_negC,0,positive
Rotation,Payback Period,5,1,2,posT_negC,0,positive
Rotation,Benefit Cost Ratio (NPTC),8,2,0.875,posT_negC,0,positive
Controlled Grazing,Gross Revenue,2,1,0.5,posT_negC,0,positive
Controlled Grazing,Variable Cost,2,1,1,posT_negC,0,positive
Controlled Grazing,Gross Profit,2,1,0.5,posT_negC,0,positive
Controlled Grazing,Benefit Cost Ratio (GPVC),2,1,-0.5,posT_negC,0,positive
Reduced Fert,Gross Revenue,402,37,0.0938771402280719,posT_negC,0,positive
Reduced Fert,Gross Profit,536,43,-0.10453125279909,posT_negC,22,positive
Reduced Fert,Returns to Labour,18,1,-0.666666666666667,posT_negC,0,positive
Reduced Fert,Variable Cost,373,39,-0.0564652387413582,posT_negC,0,positive
Reduced Fert,Benefit Cost Ratio (GPVC),393,39,0.434760193595671,posT_negC,7,positive
Reduced Fert,Benefit Cost Ratio (Unspecified),8,2,-0.227272727272727,posT_negC,0,positive
Reduced Fert,Total Cost (Unconfirmed),36,3,-0.316666666666667,posT_negC,0,positive
Reduced Fert,Net Profit,94,6,-0.481944444444445,posT_negC,0,positive
Reduced Fert,Benefit Cost Ratio (NPTC),114,6,0.508333333333333,posT_negC,0,positive
Reduced Fert,Total Cost,94,6,-0.30875,posT_negC,0,positive
Reduced Fert,Net Present Value,6,1,-0.499666666666667,posT_negC,2,positive
Reduced Fert,Marginal Rate of Return,9,2,0.666809523809524,posT_negC,2,positive
Reduced Fert,Return to Labour,4,1,0.5,posT_negC,0,positive
Controlled Release Fert,Gross Revenue,12,2,-0.416666666666667,posT_negC,0,positive
Controlled Release Fert,Gross Profit,12,2,-0.333333333333333,posT_negC,0,positive
Controlled Release Fert,Variable Cost,8,2,-0.25,posT_negC,0,positive
Controlled Release Fert,Net Profit,6,1,0.333333333333333,posT_negC,0,positive
Controlled Release Fert,Total Cost,6,1,-0.666666666666667,posT_negC,0,positive
Controlled Release Fert,Benefit Cost Ratio (GPVC),8,2,0,posT_negC,0,positive
Controlled Release Fert,Benefit Cost Ratio (NPTC),6,1,0.5,posT_negC,0,positive
IPM,Net Profit (Unconfirmed),11,3,0.57514652014652,posT_negC,1,positive
IPM,Gross Profit,14,3,-0.988095238095238,posT_negC,0,positive
IPM,Gross Revenue,16,5,0.347222222222222,posT_negC,0,positive
IPM,Variable Cost,14,3,0.523809523809524,posT_negC,0,positive
IPM,Benefit Cost Ratio (GPVC),25,3,-0.913928571428571,posT_negC,0,positive
IPM,Total Cost (Unconfirmed),1,1,1,posT_negC,0,positive
Cover Crops,Returns to Labour,27,1,1.40740740740741,posT_negC,0,positive
Cover Crops,Gross Revenue,49,12,0.734386363636364,posT_negC,0,positive
Cover Crops,Gross Profit,43,11,0.132481203007519,posT_negC,0,positive
Cover Crops,Variable Cost,47,11,0.69406015037594,posT_negC,0,positive
Cover Crops,Benefit Cost Ratio (GPVC),56,11,-0.59216992481203,posT_negC,2,positive
Cover Crops,Total Cost (Unconfirmed),9,2,0,posT_negC,0,positive
Cover Crops,Net Profit,14,3,0.555555555555556,posT_negC,0,positive
Cover Crops,Total Cost,18,4,0.300675675675676,posT_negC,0,positive
Cover Crops,Net Profit (Unconfirmed),8,2,0.349285714285714,posT_negC,1,positive
Cover Crops,Return on Investment,2,1,1,posT_negC,0,positive
Cover Crops,Internal Rate of Return,5,1,1.001,posT_negC,5,positive
Cover Crops,Net Present Value,5,1,1.001,posT_negC,5,positive
Cover Crops,Benefit Cost Ratio (NPTC),14,3,0.222222222222222,posT_negC,0,positive
Organic Fert,Gross Revenue,176,22,0.84955044955045,posT_negC,0,positive
Organic Fert,Gross Profit,229,24,0.646058680109673,posT_negC,2,positive
Organic Fert,Variable Cost,166,21,0.554126984126984,posT_negC,0,positive
Organic Fert,Benefit Cost Ratio (GPVC),180,21,0.467072125456243,posT_negC,5,positive
Organic Fert,Benefit Cost Ratio (Unspecified),6,3,0,posT_negC,0,positive
Organic Fert,Total Cost (Unconfirmed),5,2,0.5,posT_negC,0,positive
Organic Fert,Net Profit (Unconfirmed),8,2,0.892946428571429,posT_negC,1,positive
Organic Fert,Total Cost,42,3,0.537142857142857,posT_negC,0,positive
Organic Fert,Net Profit,43,4,0.576190476190476,posT_negC,0,positive
Organic Fert,Net Present Value,1,1,2,posT_negC,0,positive
Organic Fert,Internal Rate of Return,1,1,2,posT_negC,0,positive
Organic Fert,Payback Period,1,1,2,posT_negC,0,positive
Organic Fert,Return to Labour,2,1,-1.0005,posT_negC,0,positive
Organic Fert,Marginal Rate of Return,11,1,0.546,posT_negC,6,positive
Organic Fert,Benefit Cost Ratio (NPTC),41,3,1.29857142857143,posT_negC,0,positive
All Nbs,Variable Cost,1410,133,0.476912062520873,posT_negC,6,positive
All Nbs,Gross Profit,1974,155,0.447908240787271,posT_negC,80,positive
All Nbs,Gross Revenue,1442,138,0.532112617288316,posT_negC,0,positive
All Nbs,Total Cost,332,28,0.185903382928357,posT_negC,0,positive
All Nbs,Net Profit,332,28,0.486193212387627,posT_negC,2,positive
All Nbs,Net Profit (Unconfirmed),58,10,0.82061149825784,posT_negC,7,positive
All Nbs,Returns to Labour,99,1,1.18181818181818,posT_negC,0,positive
All Nbs,Labour Cost per Asset,19,2,1.5,posT_negC,0,positive
All Nbs,Benefit Cost Ratio (Unspecified),60,10,-0.0482384823848238,posT_negC,0,positive
All Nbs,Benefit Cost Ratio (GPVC),1494,131,0.448331904019477,posT_negC,33,positive
All Nbs,Benefit Cost Ratio (NPTC),371,28,0.464725543763514,posT_negC,2,positive
All Nbs,Marginal Rate of Return,24,4,0.415730769230769,posT_negC,7,positive
All Nbs,Total Cost (Unconfirmed),88,12,0.398015873015873,posT_negC,0,positive
All Nbs,Present Value of Benefit,4,2,2,posT_negC,0,positive
All Nbs,Present Value of Cost,4,2,0.2,posT_negC,0,positive
All Nbs,Net Present Value,77,7,0.916485303617571,posT_negC,11,positive
All Nbs,Return on Investment,4,2,1.57142857142857,posT_negC,0,positive
All Nbs,Internal Rate of Return,14,2,1.06442063492063,posT_negC,5,positive
All Nbs,Payback Period,9,1,2,posT_negC,0,positive
All Nbs,Fixed Cost,4,1,0,posT_negC,0,positive
All Nbs,Return to Labour,8,1,-0.12525,posT_negC,0,positive
Improved Livestock Diet,Variable Cost,1,1,2,positive_strong,1,positive
Improved Livestock Diet,Gross Profit,1,1,2,positive_strong,1,positive
Reduced Tillage,Variable Cost,420,55,-0.415468023924546,positive_strong,3,positive
Reduced Tillage,Gross Revenue,394,49,0.117071802543007,positive_strong,39,positive
Reduced Tillage,Gross Profit,610,64,0.541374389087684,positive_strong,130,positive
Reduced Tillage,Labour Cost per Asset,1,1,1,positive_strong,0,positive
Reduced Tillage,Net Profit,58,11,0.588642276422764,positive_strong,10,positive
Reduced Tillage,Benefit Cost Ratio (NPTC),66,9,0.676822916666667,positive_strong,22,positive
Reduced Tillage,Marginal Rate of Return,1,1,1.001,positive_strong,0,positive
Reduced Tillage,Total Cost,56,10,-0.238571428571429,positive_strong,1,positive
Reduced Tillage,Benefit Cost Ratio (GPVC),452,54,0.639902252567694,positive_strong,93,positive
Reduced Tillage,Total Cost (Unconfirmed),2,1,0,positive_strong,0,positive
Reduced Tillage,Net Present Value,7,1,1.71442857142857,positive_strong,5,positive
Reduced Tillage,Internal Rate of Return,7,1,1.85714285714286,positive_strong,6,positive
Reduced Tillage,Payback Period,7,1,2,positive_strong,7,positive
Reduced Tillage,Fixed Cost,4,1,0,positive_strong,0,positive
Reduced Tillage,Benefit Cost Ratio (Unspecified),6,1,-1.5,positive_strong,0,positive
Reduced Erosion,Variable Cost,30,7,0.574175824175824,positive_strong,8,positive
Reduced Erosion,Gross Revenue,25,7,0.979591836734694,positive_strong,3,positive
Reduced Erosion,Gross Profit,40,9,0.598636363636364,positive_strong,2,positive
Reduced Erosion,Net Profit (Unconfirmed),23,2,1.21435714285714,positive_strong,7,positive
Reduced Erosion,Benefit Cost Ratio (Unspecified),10,1,0.9,positive_strong,1,positive
Reduced Erosion,Benefit Cost Ratio (GPVC),44,7,0.20881043956044,positive_strong,9,positive
Reduced Erosion,Net Profit,1,1,0,positive_strong,0,positive
Biochar,Gross Revenue,106,9,0.625446428571429,positive_strong,29,positive
Biochar,Gross Profit,130,10,0.510483870967742,positive_strong,27,positive
Biochar,Total Cost,83,4,0.3375,positive_strong,13,positive
Biochar,Variable Cost,130,10,0.825806451612903,positive_strong,44,positive
Biochar,Total Cost (Unconfirmed),15,1,-0.4,positive_strong,0,positive
Biochar,Net Profit,83,4,0.922222222222222,positive_strong,29,positive
Biochar,Benefit Cost Ratio (GPVC),122,10,0.0752204301075269,positive_strong,16,positive
Biochar,Benefit Cost Ratio (NPTC),83,4,0.172222222222222,positive_strong,23,positive
Agroforestry,Gross Revenue,45,9,0.189784946236559,positive_strong,11,positive
Agroforestry,Variable Cost,42,7,-0.178571428571429,positive_strong,13,positive
Agroforestry,Gross Profit,42,8,0.0376344086021505,positive_strong,12,positive
Agroforestry,Net Profit,12,3,0.142833333333333,positive_strong,1,positive
Agroforestry,Total Cost,12,3,0.80952380952381,positive_strong,5,positive
Agroforestry,Net Present Value,53,3,-0.286981481481482,positive_strong,28,positive
Agroforestry,Benefit Cost Ratio (GPVC),41,7,0.69952380952381,positive_strong,19,positive
Agroforestry,Present Value of Benefit,2,1,2,positive_strong,2,positive
Agroforestry,Present Value of Cost,2,1,1,positive_strong,1,positive
Agroforestry,Benefit Cost Ratio (NPTC),12,3,-0.416666666666667,positive_strong,1,positive
Intercropping,Gross Profit,232,21,0.664321987951807,positive_strong,109,positive
Intercropping,Gross Revenue,136,20,1.00362165963432,positive_strong,59,positive
Intercropping,Net Profit,3,1,1.66666666666667,positive_strong,2,positive
Intercropping,Variable Cost,123,16,0.635740740740741,positive_strong,20,positive
Intercropping,Returns to Labour,27,1,1.40740740740741,positive_strong,12,positive
Intercropping,Labour Cost per Asset,19,2,1.5,positive_strong,18,positive
Intercropping,Benefit Cost Ratio (GPVC),124,16,0.651698888888889,positive_strong,41,positive
Intercropping,Marginal Rate of Return,8,2,-0.857142857142857,positive_strong,4,positive
Intercropping,Benefit Cost Ratio (Unspecified),20,1,0.6,positive_strong,8,positive
Intercropping,Net Profit (Unconfirmed),19,3,1.52068253968254,positive_strong,12,positive
Intercropping,Net Present Value,6,2,1.3755,positive_strong,3,positive
Intercropping,Internal Rate of Return,5,1,1.8,positive_strong,4,positive
Intercropping,Payback Period,5,1,2,positive_strong,5,positive
Intercropping,Total Cost (Unconfirmed),12,2,0.4,positive_strong,0,positive
Intercropping,Benefit Cost Ratio (NPTC),9,2,0.5,positive_strong,1,positive
Intercropping,Total Cost,3,1,0.666666666666667,positive_strong,0,positive
Residue/Mulch,Gross Profit,537,56,0.427953589145897,positive_strong,124,positive
Residue/Mulch,Gross Revenue,281,41,0.41363242739142,positive_strong,27,positive
Residue/Mulch,Variable Cost,317,46,0.0746940789473684,positive_strong,6,positive
Residue/Mulch,Benefit Cost Ratio (GPVC),343,45,0.262668807069143,positive_strong,69,positive
Residue/Mulch,Total Cost (Unconfirmed),8,1,0,positive_strong,0,positive
Residue/Mulch,Net Profit,33,8,0.8,positive_strong,17,positive
Residue/Mulch,Present Value of Benefit,2,1,2,positive_strong,2,positive
Residue/Mulch,Present Value of Cost,2,1,0,positive_strong,0,positive
Residue/Mulch,Net Present Value,2,1,2,positive_strong,2,positive
Residue/Mulch,Return on Investment,2,1,2,positive_strong,2,positive
Residue/Mulch,Total Cost,31,7,0.0520833333333333,positive_strong,0,positive
Residue/Mulch,Benefit Cost Ratio (NPTC),33,6,1.06349206349206,positive_strong,20,positive
Residue/Mulch,Net Profit (Unconfirmed),8,2,1.68261904761905,positive_strong,6,positive
Residue/Mulch,Return to Labour,2,1,-0.5005,positive_strong,0,positive
Residue/Mulch,Benefit Cost Ratio (Unspecified),5,1,-1.6,positive_strong,0,positive
Reduced Irrigation,Gross Revenue,166,23,0.337156862745098,positive_strong,12,positive
Reduced Irrigation,Gross Profit,181,24,0.461852713178295,positive_strong,44,positive
Reduced Irrigation,Variable Cost,161,21,-0.154934210526316,positive_strong,9,positive
Reduced Irrigation,Total Cost,44,4,-0.115384615384615,positive_strong,0,positive
Reduced Irrigation,Net Profit,41,4,0.455555555555556,positive_strong,13,positive
Reduced Irrigation,Total Cost (Unconfirmed),10,2,0,positive_strong,0,positive
Reduced Irrigation,Net Profit (Unconfirmed),23,3,0.967733766233766,positive_strong,7,positive
Reduced Irrigation,Benefit Cost Ratio (NPTC),44,4,0.284615384615385,positive_strong,4,positive
Reduced Irrigation,Benefit Cost Ratio (GPVC),186,21,0.385921052631579,positive_strong,44,positive
Reduced Irrigation,Benefit Cost Ratio (Unspecified),2,1,-0.5,positive_strong,0,positive
Rotation,Gross Revenue,36,14,1.09271523178808,positive_strong,19,positive
Rotation,Gross Profit,99,21,0.63416393442623,positive_strong,38,positive
Rotation,Returns to Labour,54,1,1.68518518518519,positive_strong,40,positive
Rotation,Benefit Cost Ratio (Unspecified),5,2,0.25,positive_strong,0,positive
Rotation,Variable Cost,59,15,1.58064516129032,positive_strong,10,positive
Rotation,Benefit Cost Ratio (GPVC),63,15,0.870760368663595,positive_strong,25,positive
Rotation,Total Cost (Unconfirmed),2,1,2,positive_strong,2,positive
Rotation,Total Cost,8,2,0.5,positive_strong,0,positive
Rotation,Net Profit,8,2,2,positive_strong,8,positive
Rotation,Net Profit (Unconfirmed),8,2,1.68261904761905,positive_strong,6,positive
Rotation,Net Present Value,5,1,1.6004,positive_strong,3,positive
Rotation,Internal Rate of Return,5,1,2,positive_strong,5,positive
Rotation,Payback Period,5,1,2,positive_strong,5,positive
Rotation,Benefit Cost Ratio (NPTC),8,2,0.875,positive_strong,4,positive
Controlled Grazing,Gross Revenue,2,1,0.5,positive_strong,0,positive
Controlled Grazing,Variable Cost,2,1,1,positive_strong,1,positive
Controlled Grazing,Gross Profit,2,1,0.5,positive_strong,0,positive
Controlled Grazing,Benefit Cost Ratio (GPVC),2,1,-0.5,positive_strong,0,positive
Reduced Fert,Gross Revenue,402,37,0.0938771402280719,positive_strong,55,positive
Reduced Fert,Gross Profit,536,43,-0.10453125279909,positive_strong,77,positive
Reduced Fert,Returns to Labour,18,1,-0.666666666666667,positive_strong,0,positive
Reduced Fert,Variable Cost,373,39,-0.0564652387413582,positive_strong,28,positive
Reduced Fert,Benefit Cost Ratio (GPVC),393,39,0.434760193595671,positive_strong,101,positive
Reduced Fert,Benefit Cost Ratio (Unspecified),8,2,-0.227272727272727,positive_strong,0,positive
Reduced Fert,Total Cost (Unconfirmed),36,3,-0.316666666666667,positive_strong,0,positive
Reduced Fert,Net Profit,94,6,-0.481944444444445,positive_strong,1,positive
Reduced Fert,Benefit Cost Ratio (NPTC),114,6,0.508333333333333,positive_strong,17,positive
Reduced Fert,Total Cost,94,6,-0.30875,positive_strong,0,positive
Reduced Fert,Net Present Value,6,1,-0.499666666666667,positive_strong,0,positive
Reduced Fert,Marginal Rate of Return,9,2,0.666809523809524,positive_strong,3,positive
Reduced Fert,Return to Labour,4,1,0.5,positive_strong,1,positive
Controlled Release Fert,Gross Revenue,12,2,-0.416666666666667,positive_strong,0,positive
Controlled Release Fert,Gross Profit,12,2,-0.333333333333333,positive_strong,0,positive
Controlled Release Fert,Variable Cost,8,2,-0.25,positive_strong,0,positive
Controlled Release Fert,Net Profit,6,1,0.333333333333333,positive_strong,0,positive
Controlled Release Fert,Total Cost,6,1,-0.666666666666667,positive_strong,0,positive
Controlled Release Fert,Benefit Cost Ratio (GPVC),8,2,0,positive_strong,1,positive
Controlled Release Fert,Benefit Cost Ratio (NPTC),6,1,0.5,positive_strong,1,positive
IPM,Net Profit (Unconfirmed),11,3,0.57514652014652,positive_strong,5,positive
IPM,Gross Profit,14,3,-0.988095238095238,positive_strong,1,positive
IPM,Gross Revenue,16,5,0.347222222222222,positive_strong,1,positive
IPM,Variable Cost,14,3,0.523809523809524,positive_strong,1,positive
IPM,Benefit Cost Ratio (GPVC),25,3,-0.913928571428571,positive_strong,2,positive
IPM,Total Cost (Unconfirmed),1,1,1,positive_strong,0,positive
Cover Crops,Returns to Labour,27,1,1.40740740740741,positive_strong,12,positive
Cover Crops,Gross Revenue,49,12,0.734386363636364,positive_strong,17,positive
Cover Crops,Gross Profit,43,11,0.132481203007519,positive_strong,8,positive
Cover Crops,Variable Cost,47,11,0.69406015037594,positive_strong,13,positive
Cover Crops,Benefit Cost Ratio (GPVC),56,11,-0.59216992481203,positive_strong,8,positive
Cover Crops,Total Cost (Unconfirmed),9,2,0,positive_strong,0,positive
Cover Crops,Net Profit,14,3,0.555555555555556,positive_strong,8,positive
Cover Crops,Total Cost,18,4,0.300675675675676,positive_strong,3,positive
Cover Crops,Net Profit (Unconfirmed),8,2,0.349285714285714,positive_strong,5,positive
Cover Crops,Return on Investment,2,1,1,positive_strong,0,positive
Cover Crops,Internal Rate of Return,5,1,1.001,positive_strong,0,positive
Cover Crops,Net Present Value,5,1,1.001,positive_strong,0,positive
Cover Crops,Benefit Cost Ratio (NPTC),14,3,0.222222222222222,positive_strong,6,positive
Organic Fert,Gross Revenue,176,22,0.84955044955045,positive_strong,82,positive
Organic Fert,Gross Profit,229,24,0.646058680109673,positive_strong,97,positive
Organic Fert,Variable Cost,166,21,0.554126984126984,positive_strong,43,positive
Organic Fert,Benefit Cost Ratio (GPVC),180,21,0.467072125456243,positive_strong,34,positive
Organic Fert,Benefit Cost Ratio (Unspecified),6,3,0,positive_strong,0,positive
Organic Fert,Total Cost (Unconfirmed),5,2,0.5,positive_strong,1,positive
Organic Fert,Net Profit (Unconfirmed),8,2,0.892946428571429,positive_strong,5,positive
Organic Fert,Total Cost,42,3,0.537142857142857,positive_strong,18,positive
Organic Fert,Net Profit,43,4,0.576190476190476,positive_strong,32,positive
Organic Fert,Net Present Value,1,1,2,positive_strong,1,positive
Organic Fert,Internal Rate of Return,1,1,2,positive_strong,1,positive
Organic Fert,Payback Period,1,1,2,positive_strong,1,positive
Organic Fert,Return to Labour,2,1,-1.0005,positive_strong,0,positive
Organic Fert,Marginal Rate of Return,11,1,0.546,positive_strong,1,positive
Organic Fert,Benefit Cost Ratio (NPTC),41,3,1.29857142857143,positive_strong,17,positive
All Nbs,Variable Cost,1410,133,0.476912062520873,positive_strong,161,positive
All Nbs,Gross Profit,1974,155,0.447908240787271,positive_strong,476,positive
All Nbs,Gross Revenue,1442,138,0.532112617288316,positive_strong,266,positive
All Nbs,Total Cost,332,28,0.185903382928357,positive_strong,27,positive
All Nbs,Net Profit,332,28,0.486193212387627,positive_strong,84,positive
All Nbs,Net Profit (Unconfirmed),58,10,0.82061149825784,positive_strong,17,positive
All Nbs,Returns to Labour,99,1,1.18181818181818,positive_strong,52,positive
All Nbs,Labour Cost per Asset,19,2,1.5,positive_strong,18,positive
All Nbs,Benefit Cost Ratio (Unspecified),60,10,-0.0482384823848238,positive_strong,9,positive
All Nbs,Benefit Cost Ratio (GPVC),1494,131,0.448331904019477,positive_strong,337,positive
All Nbs,Benefit Cost Ratio (NPTC),371,28,0.464725543763514,positive_strong,92,positive
All Nbs,Marginal Rate of Return,24,4,0.415730769230769,positive_strong,7,positive
All Nbs,Total Cost (Unconfirmed),88,12,0.398015873015873,positive_strong,3,positive
All Nbs,Present Value of Benefit,4,2,2,positive_strong,4,positive
All Nbs,Present Value of Cost,4,2,0.2,positive_strong,1,positive
All Nbs,Net Present Value,77,7,0.916485303617571,positive_strong,37,positive
All Nbs,Return on Investment,4,2,1.57142857142857,positive_strong,2,positive
All Nbs,Internal Rate of Return,14,2,1.06442063492063,positive_strong,8,positive
All Nbs,Payback Period,9,1,2,positive_strong,9,positive
All Nbs,Fixed Cost,4,1,0,positive_strong,0,positive
All Nbs,Return to Labour,8,1,-0.12525,positive_strong,1,positive
Improved Livestock Diet,Variable Cost,1,1,2,positive,0,positive
Improved Livestock Diet,Gross Profit,1,1,2,positive,0,positive
Reduced Tillage,Variable Cost,420,55,-0.415468023924546,positive,52,positive
Reduced Tillage,Gross Revenue,394,49,0.117071802543007,positive,80,positive
Reduced Tillage,Gross Profit,610,64,0.541374389087684,positive,168,positive
Reduced Tillage,Labour Cost per Asset,1,1,1,positive,1,positive
Reduced Tillage,Net Profit,58,11,0.588642276422764,positive,4,positive
Reduced Tillage,Benefit Cost Ratio (NPTC),66,9,0.676822916666667,positive,14,positive
Reduced Tillage,Marginal Rate of Return,1,1,1.001,positive,0,positive
Reduced Tillage,Total Cost,56,10,-0.238571428571429,positive,3,positive
Reduced Tillage,Benefit Cost Ratio (GPVC),452,54,0.639902252567694,positive,127,positive
Reduced Tillage,Total Cost (Unconfirmed),2,1,0,positive,0,positive
Reduced Tillage,Net Present Value,7,1,1.71442857142857,positive,1,positive
Reduced Tillage,Internal Rate of Return,7,1,1.85714285714286,positive,1,positive
Reduced Tillage,Payback Period,7,1,2,positive,0,positive
Reduced Tillage,Fixed Cost,4,1,0,positive,0,positive
Reduced Tillage,Benefit Cost Ratio (Unspecified),6,1,-1.5,positive,0,positive
Reduced Erosion,Variable Cost,30,7,0.574175824175824,positive,7,positive
Reduced Erosion,Gross Revenue,25,7,0.979591836734694,positive,13,positive
Reduced Erosion,Gross Profit,40,9,0.598636363636364,positive,25,positive
Reduced Erosion,Net Profit (Unconfirmed),23,2,1.21435714285714,positive,12,positive
Reduced Erosion,Benefit Cost Ratio (Unspecified),10,1,0.9,positive,7,positive
Reduced Erosion,Benefit Cost Ratio (GPVC),44,7,0.20881043956044,positive,5,positive
Reduced Erosion,Net Profit,1,1,0,positive,0,positive
Biochar,Gross Revenue,106,9,0.625446428571429,positive,29,positive
Biochar,Gross Profit,130,10,0.510483870967742,positive,43,positive
Biochar,Total Cost,83,4,0.3375,positive,18,positive
Biochar,Variable Cost,130,10,0.825806451612903,positive,33,positive
Biochar,Total Cost (Unconfirmed),15,1,-0.4,positive,0,positive
Biochar,Net Profit,83,4,0.922222222222222,positive,28,positive
Biochar,Benefit Cost Ratio (GPVC),122,10,0.0752204301075269,positive,25,positive
Biochar,Benefit Cost Ratio (NPTC),83,4,0.172222222222222,positive,11,positive
Agroforestry,Gross Revenue,45,9,0.189784946236559,positive,9,positive
Agroforestry,Variable Cost,42,7,-0.178571428571429,positive,8,positive
Agroforestry,Gross Profit,42,8,0.0376344086021505,positive,13,positive
Agroforestry,Net Profit,12,3,0.142833333333333,positive,3,positive
Agroforestry,Total Cost,12,3,0.80952380952381,positive,3,positive
Agroforestry,Net Present Value,53,3,-0.286981481481482,positive,21,positive
Agroforestry,Benefit Cost Ratio (GPVC),41,7,0.69952380952381,positive,10,positive
Agroforestry,Present Value of Benefit,2,1,2,positive,0,positive
Agroforestry,Present Value of Cost,2,1,1,positive,0,positive
Agroforestry,Benefit Cost Ratio (NPTC),12,3,-0.416666666666667,positive,4,positive
Intercropping,Gross Profit,232,21,0.664321987951807,positive,37,positive
Intercropping,Gross Revenue,136,20,1.00362165963432,positive,29,positive
Intercropping,Net Profit,3,1,1.66666666666667,positive,1,positive
Intercropping,Variable Cost,123,16,0.635740740740741,positive,56,positive
Intercropping,Returns to Labour,27,1,1.40740740740741,positive,14,positive
Intercropping,Labour Cost per Asset,19,2,1.5,positive,1,positive
Intercropping,Benefit Cost Ratio (GPVC),124,16,0.651698888888889,positive,19,positive
Intercropping,Marginal Rate of Return,8,2,-0.857142857142857,positive,0,positive
Intercropping,Benefit Cost Ratio (Unspecified),20,1,0.6,positive,0,positive
Intercropping,Net Profit (Unconfirmed),19,3,1.52068253968254,positive,5,positive
Intercropping,Net Present Value,6,2,1.3755,positive,1,positive
Intercropping,Internal Rate of Return,5,1,1.8,positive,1,positive
Intercropping,Payback Period,5,1,2,positive,0,positive
Intercropping,Total Cost (Unconfirmed),12,2,0.4,positive,6,positive
Intercropping,Benefit Cost Ratio (NPTC),9,2,0.5,positive,4,positive
Intercropping,Total Cost,3,1,0.666666666666667,positive,2,positive
Residue/Mulch,Gross Profit,537,56,0.427953589145897,positive,157,positive
Residue/Mulch,Gross Revenue,281,41,0.41363242739142,positive,92,positive
Residue/Mulch,Variable Cost,317,46,0.0746940789473684,positive,65,positive
Residue/Mulch,Benefit Cost Ratio (GPVC),343,45,0.262668807069143,positive,83,positive
Residue/Mulch,Total Cost (Unconfirmed),8,1,0,positive,2,positive
Residue/Mulch,Net Profit,33,8,0.8,positive,8,positive
Residue/Mulch,Present Value of Benefit,2,1,2,positive,0,positive
Residue/Mulch,Present Value of Cost,2,1,0,positive,0,positive
Residue/Mulch,Net Present Value,2,1,2,positive,0,positive
Residue/Mulch,Return on Investment,2,1,2,positive,0,positive
Residue/Mulch,Total Cost,31,7,0.0520833333333333,positive,8,positive
Residue/Mulch,Benefit Cost Ratio (NPTC),33,6,1.06349206349206,positive,4,positive
Residue/Mulch,Net Profit (Unconfirmed),8,2,1.68261904761905,positive,0,positive
Residue/Mulch,Return to Labour,2,1,-0.5005,positive,0,positive
Residue/Mulch,Benefit Cost Ratio (Unspecified),5,1,-1.6,positive,0,positive
Reduced Irrigation,Gross Revenue,166,23,0.337156862745098,positive,46,positive
Reduced Irrigation,Gross Profit,181,24,0.461852713178295,positive,50,positive
Reduced Irrigation,Variable Cost,161,21,-0.154934210526316,positive,6,positive
Reduced Irrigation,Total Cost,44,4,-0.115384615384615,positive,0,positive
Reduced Irrigation,Net Profit,41,4,0.455555555555556,positive,14,positive
Reduced Irrigation,Total Cost (Unconfirmed),10,2,0,positive,0,positive
Reduced Irrigation,Net Profit (Unconfirmed),23,3,0.967733766233766,positive,4,positive
Reduced Irrigation,Benefit Cost Ratio (NPTC),44,4,0.284615384615385,positive,18,positive
Reduced Irrigation,Benefit Cost Ratio (GPVC),186,21,0.385921052631579,positive,37,positive
Reduced Irrigation,Benefit Cost Ratio (Unspecified),2,1,-0.5,positive,0,positive
Rotation,Gross Revenue,36,14,1.09271523178808,positive,11,positive
Rotation,Gross Profit,99,21,0.63416393442623,positive,32,positive
Rotation,Returns to Labour,54,1,1.68518518518519,positive,12,positive
Rotation,Benefit Cost Ratio (Unspecified),5,2,0.25,positive,2,positive
Rotation,Variable Cost,59,15,1.58064516129032,positive,25,positive
Rotation,Benefit Cost Ratio (GPVC),63,15,0.870760368663595,positive,9,positive
Rotation,Total Cost (Unconfirmed),2,1,2,positive,0,positive
Rotation,Total Cost,8,2,0.5,positive,5,positive
Rotation,Net Profit,8,2,2,positive,0,positive
Rotation,Net Profit (Unconfirmed),8,2,1.68261904761905,positive,0,positive
Rotation,Net Present Value,5,1,1.6004,positive,0,positive
Rotation,Internal Rate of Return,5,1,2,positive,0,positive
Rotation,Payback Period,5,1,2,positive,0,positive
Rotation,Benefit Cost Ratio (NPTC),8,2,0.875,positive,0,positive
Controlled Grazing,Gross Revenue,2,1,0.5,positive,1,positive
Controlled Grazing,Variable Cost,2,1,1,positive,0,positive
Controlled Grazing,Gross Profit,2,1,0.5,positive,1,positive
Controlled Grazing,Benefit Cost Ratio (GPVC),2,1,-0.5,positive,0,positive
Reduced Fert,Gross Revenue,402,37,0.0938771402280719,positive,66,positive
Reduced Fert,Gross Profit,536,43,-0.10453125279909,positive,90,positive
Reduced Fert,Returns to Labour,18,1,-0.666666666666667,positive,4,positive
Reduced Fert,Variable Cost,373,39,-0.0564652387413582,positive,49,positive
Reduced Fert,Benefit Cost Ratio (GPVC),393,39,0.434760193595671,positive,95,positive
Reduced Fert,Benefit Cost Ratio (Unspecified),8,2,-0.227272727272727,positive,0,positive
Reduced Fert,Total Cost (Unconfirmed),36,3,-0.316666666666667,positive,2,positive
Reduced Fert,Net Profit,94,6,-0.481944444444445,positive,14,positive
Reduced Fert,Benefit Cost Ratio (NPTC),114,6,0.508333333333333,positive,25,positive
Reduced Fert,Total Cost,94,6,-0.30875,positive,11,positive
Reduced Fert,Net Present Value,6,1,-0.499666666666667,positive,0,positive
Reduced Fert,Marginal Rate of Return,9,2,0.666809523809524,positive,1,positive
Reduced Fert,Return to Labour,4,1,0.5,positive,1,positive
Controlled Release Fert,Gross Revenue,12,2,-0.416666666666667,positive,0,positive
Controlled Release Fert,Gross Profit,12,2,-0.333333333333333,positive,0,positive
Controlled Release Fert,Variable Cost,8,2,-0.25,positive,0,positive
Controlled Release Fert,Net Profit,6,1,0.333333333333333,positive,2,positive
Controlled Release Fert,Total Cost,6,1,-0.666666666666667,positive,0,positive
Controlled Release Fert,Benefit Cost Ratio (GPVC),8,2,0,positive,2,positive
Controlled Release Fert,Benefit Cost Ratio (NPTC),6,1,0.5,positive,2,positive
IPM,Net Profit (Unconfirmed),11,3,0.57514652014652,positive,2,positive
IPM,Gross Profit,14,3,-0.988095238095238,positive,2,positive
IPM,Gross Revenue,16,5,0.347222222222222,positive,2,positive
IPM,Variable Cost,14,3,0.523809523809524,positive,2,positive
IPM,Benefit Cost Ratio (GPVC),25,3,-0.913928571428571,positive,2,positive
IPM,Total Cost (Unconfirmed),1,1,1,positive,1,positive
Cover Crops,Returns to Labour,27,1,1.40740740740741,positive,14,positive
Cover Crops,Gross Revenue,49,12,0.734386363636364,positive,8,positive
Cover Crops,Gross Profit,43,11,0.132481203007519,positive,12,positive
Cover Crops,Variable Cost,47,11,0.69406015037594,positive,6,positive
Cover Crops,Benefit Cost Ratio (GPVC),56,11,-0.59216992481203,positive,18,positive
Cover Crops,Total Cost (Unconfirmed),9,2,0,positive,2,positive
Cover Crops,Net Profit,14,3,0.555555555555556,positive,2,positive
Cover Crops,Total Cost,18,4,0.300675675675676,positive,3,positive
Cover Crops,Net Profit (Unconfirmed),8,2,0.349285714285714,positive,0,positive
Cover Crops,Return on Investment,2,1,1,positive,2,positive
Cover Crops,Internal Rate of Return,5,1,1.001,positive,0,positive
Cover Crops,Net Present Value,5,1,1.001,positive,0,positive
Cover Crops,Benefit Cost Ratio (NPTC),14,3,0.222222222222222,positive,0,positive
Organic Fert,Gross Revenue,176,22,0.84955044955045,positive,50,positive
Organic Fert,Gross Profit,229,24,0.646058680109673,positive,60,positive
Organic Fert,Variable Cost,166,21,0.554126984126984,positive,61,positive
Organic Fert,Benefit Cost Ratio (GPVC),180,21,0.467072125456243,positive,27,positive
Organic Fert,Benefit Cost Ratio (Unspecified),6,3,0,positive,0,positive
Organic Fert,Total Cost (Unconfirmed),5,2,0.5,positive,2,positive
Organic Fert,Net Profit (Unconfirmed),8,2,0.892946428571429,positive,0,positive
Organic Fert,Total Cost,42,3,0.537142857142857,positive,13,positive
Organic Fert,Net Profit,43,4,0.576190476190476,positive,5,positive
Organic Fert,Net Present Value,1,1,2,positive,0,positive
Organic Fert,Internal Rate of Return,1,1,2,positive,0,positive
Organic Fert,Payback Period,1,1,2,positive,0,positive
Organic Fert,Return to Labour,2,1,-1.0005,positive,0,positive
Organic Fert,Marginal Rate of Return,11,1,0.546,positive,0,positive
Organic Fert,Benefit Cost Ratio (NPTC),41,3,1.29857142857143,positive,1,positive
All Nbs,Variable Cost,1410,133,0.476912062520873,positive,289,positive
All Nbs,Gross Profit,1974,155,0.447908240787271,positive,475,positive
All Nbs,Gross Revenue,1442,138,0.532112617288316,positive,335,positive
All Nbs,Total Cost,332,28,0.185903382928357,positive,50,positive
All Nbs,Net Profit,332,28,0.486193212387627,positive,69,positive
All Nbs,Net Profit (Unconfirmed),58,10,0.82061149825784,positive,23,positive
All Nbs,Returns to Labour,99,1,1.18181818181818,positive,30,positive
All Nbs,Labour Cost per Asset,19,2,1.5,positive,1,positive
All Nbs,Benefit Cost Ratio (Unspecified),60,10,-0.0482384823848238,positive,9,positive
All Nbs,Benefit Cost Ratio (GPVC),1494,131,0.448331904019477,positive,344,positive
All Nbs,Benefit Cost Ratio (NPTC),371,28,0.464725543763514,positive,74,positive
All Nbs,Marginal Rate of Return,24,4,0.415730769230769,positive,1,positive
All Nbs,Total Cost (Unconfirmed),88,12,0.398015873015873,positive,11,positive
All Nbs,Present Value of Benefit,4,2,2,positive,0,positive
All Nbs,Present Value of Cost,4,2,0.2,positive,0,positive
All Nbs,Net Present Value,77,7,0.916485303617571,positive,22,positive
All Nbs,Return on Investment,4,2,1.57142857142857,positive,2,positive
All Nbs,Internal Rate of Return,14,2,1.06442063492063,positive,1,positive
All Nbs,Payback Period,9,1,2,positive,0,positive
All Nbs,Fixed Cost,4,1,0,positive,0,positive
All Nbs,Return to Labour,8,1,-0.12525,positive,1,positive
Improved Livestock Diet,Variable Cost,1,1,2,neutral,0,neutral
Improved Livestock Diet,Gross Profit,1,1,2,neutral,0,neutral
Reduced Tillage,Variable Cost,420,55,-0.415468023924546,neutral,202,neutral
Reduced Tillage,Gross Revenue,394,49,0.117071802543007,neutral,189,neutral
Reduced Tillage,Gross Profit,610,64,0.541374389087684,neutral,127,neutral
Reduced Tillage,Labour Cost per Asset,1,1,1,neutral,0,neutral
Reduced Tillage,Net Profit,58,11,0.588642276422764,neutral,12,neutral
Reduced Tillage,Benefit Cost Ratio (NPTC),66,9,0.676822916666667,neutral,10,neutral
Reduced Tillage,Marginal Rate of Return,1,1,1.001,neutral,0,neutral
Reduced Tillage,Total Cost,56,10,-0.238571428571429,neutral,42,neutral
Reduced Tillage,Benefit Cost Ratio (GPVC),452,54,0.639902252567694,neutral,100,neutral
Reduced Tillage,Total Cost (Unconfirmed),2,1,0,neutral,2,neutral
Reduced Tillage,Net Present Value,7,1,1.71442857142857,neutral,0,neutral
Reduced Tillage,Internal Rate of Return,7,1,1.85714285714286,neutral,0,neutral
Reduced Tillage,Payback Period,7,1,2,neutral,0,neutral
Reduced Tillage,Fixed Cost,4,1,0,neutral,4,neutral
Reduced Tillage,Benefit Cost Ratio (Unspecified),6,1,-1.5,neutral,0,neutral
Reduced Erosion,Variable Cost,30,7,0.574175824175824,neutral,8,neutral
Reduced Erosion,Gross Revenue,25,7,0.979591836734694,neutral,9,neutral
Reduced Erosion,Gross Profit,40,9,0.598636363636364,neutral,5,neutral
Reduced Erosion,Net Profit (Unconfirmed),23,2,1.21435714285714,neutral,2,neutral
Reduced Erosion,Benefit Cost Ratio (Unspecified),10,1,0.9,neutral,2,neutral
Reduced Erosion,Benefit Cost Ratio (GPVC),44,7,0.20881043956044,neutral,12,neutral
Reduced Erosion,Net Profit,1,1,0,neutral,1,neutral
Biochar,Gross Revenue,106,9,0.625446428571429,neutral,45,neutral
Biochar,Gross Profit,130,10,0.510483870967742,neutral,48,neutral
Biochar,Total Cost,83,4,0.3375,neutral,43,neutral
Biochar,Variable Cost,130,10,0.825806451612903,neutral,37,neutral
Biochar,Total Cost (Unconfirmed),15,1,-0.4,neutral,9,neutral
Biochar,Net Profit,83,4,0.922222222222222,neutral,14,neutral
Biochar,Benefit Cost Ratio (GPVC),122,10,0.0752204301075269,neutral,37,neutral
Biochar,Benefit Cost Ratio (NPTC),83,4,0.172222222222222,neutral,28,neutral
Agroforestry,Gross Revenue,45,9,0.189784946236559,neutral,11,neutral
Agroforestry,Variable Cost,42,7,-0.178571428571429,neutral,7,neutral
Agroforestry,Gross Profit,42,8,0.0376344086021505,neutral,4,neutral
Agroforestry,Net Profit,12,3,0.142833333333333,neutral,1,neutral
Agroforestry,Total Cost,12,3,0.80952380952381,neutral,4,neutral
Agroforestry,Net Present Value,53,3,-0.286981481481482,neutral,0,neutral
Agroforestry,Benefit Cost Ratio (GPVC),41,7,0.69952380952381,neutral,6,neutral
Agroforestry,Present Value of Benefit,2,1,2,neutral,0,neutral
Agroforestry,Present Value of Cost,2,1,1,neutral,1,neutral
Agroforestry,Benefit Cost Ratio (NPTC),12,3,-0.416666666666667,neutral,4,neutral
Intercropping,Gross Profit,232,21,0.664321987951807,neutral,29,neutral
Intercropping,Gross Revenue,136,20,1.00362165963432,neutral,39,neutral
Intercropping,Net Profit,3,1,1.66666666666667,neutral,0,neutral
Intercropping,Variable Cost,123,16,0.635740740740741,neutral,38,neutral
Intercropping,Returns to Labour,27,1,1.40740740740741,neutral,1,neutral
Intercropping,Labour Cost per Asset,19,2,1.5,neutral,0,neutral
Intercropping,Benefit Cost Ratio (GPVC),124,16,0.651698888888889,neutral,28,neutral
Intercropping,Marginal Rate of Return,8,2,-0.857142857142857,neutral,0,neutral
Intercropping,Benefit Cost Ratio (Unspecified),20,1,0.6,neutral,8,neutral
Intercropping,Net Profit (Unconfirmed),19,3,1.52068253968254,neutral,0,neutral
Intercropping,Net Present Value,6,2,1.3755,neutral,0,neutral
Intercropping,Internal Rate of Return,5,1,1.8,neutral,0,neutral
Intercropping,Payback Period,5,1,2,neutral,0,neutral
Intercropping,Total Cost (Unconfirmed),12,2,0.4,neutral,6,neutral
Intercropping,Benefit Cost Ratio (NPTC),9,2,0.5,neutral,4,neutral
Intercropping,Total Cost,3,1,0.666666666666667,neutral,1,neutral
Residue/Mulch,Gross Profit,537,56,0.427953589145897,neutral,105,neutral
Residue/Mulch,Gross Revenue,281,41,0.41363242739142,neutral,116,neutral
Residue/Mulch,Variable Cost,317,46,0.0746940789473684,neutral,175,neutral
Residue/Mulch,Benefit Cost Ratio (GPVC),343,45,0.262668807069143,neutral,104,neutral
Residue/Mulch,Total Cost (Unconfirmed),8,1,0,neutral,4,neutral
Residue/Mulch,Net Profit,33,8,0.8,neutral,3,neutral
Residue/Mulch,Present Value of Benefit,2,1,2,neutral,0,neutral
Residue/Mulch,Present Value of Cost,2,1,0,neutral,2,neutral
Residue/Mulch,Net Present Value,2,1,2,neutral,0,neutral
Residue/Mulch,Return on Investment,2,1,2,neutral,0,neutral
Residue/Mulch,Total Cost,31,7,0.0520833333333333,neutral,17,neutral
Residue/Mulch,Benefit Cost Ratio (NPTC),33,6,1.06349206349206,neutral,5,neutral
Residue/Mulch,Net Profit (Unconfirmed),8,2,1.68261904761905,neutral,0,neutral
Residue/Mulch,Return to Labour,2,1,-0.5005,neutral,1,neutral
Residue/Mulch,Benefit Cost Ratio (Unspecified),5,1,-1.6,neutral,0,neutral
Reduced Irrigation,Gross Revenue,166,23,0.337156862745098,neutral,97,neutral
Reduced Irrigation,Gross Profit,181,24,0.461852713178295,neutral,49,neutral
Reduced Irrigation,Variable Cost,161,21,-0.154934210526316,neutral,79,neutral
Reduced Irrigation,Total Cost,44,4,-0.115384615384615,neutral,42,neutral
Reduced Irrigation,Net Profit,41,4,0.455555555555556,neutral,11,neutral
Reduced Irrigation,Total Cost (Unconfirmed),10,2,0,neutral,10,neutral
Reduced Irrigation,Net Profit (Unconfirmed),23,3,0.967733766233766,neutral,4,neutral
Reduced Irrigation,Benefit Cost Ratio (NPTC),44,4,0.284615384615385,neutral,16,neutral
Reduced Irrigation,Benefit Cost Ratio (GPVC),186,21,0.385921052631579,neutral,53,neutral
Reduced Irrigation,Benefit Cost Ratio (Unspecified),2,1,-0.5,neutral,1,neutral
Rotation,Gross Revenue,36,14,1.09271523178808,neutral,5,neutral
Rotation,Gross Profit,99,21,0.63416393442623,neutral,15,neutral
Rotation,Returns to Labour,54,1,1.68518518518519,neutral,1,neutral
Rotation,Benefit Cost Ratio (Unspecified),5,2,0.25,neutral,3,neutral
Rotation,Variable Cost,59,15,1.58064516129032,neutral,22,neutral
Rotation,Benefit Cost Ratio (GPVC),63,15,0.870760368663595,neutral,20,neutral
Rotation,Total Cost (Unconfirmed),2,1,2,neutral,0,neutral
Rotation,Total Cost,8,2,0.5,neutral,2,neutral
Rotation,Net Profit,8,2,2,neutral,0,neutral
Rotation,Net Profit (Unconfirmed),8,2,1.68261904761905,neutral,0,neutral
Rotation,Net Present Value,5,1,1.6004,neutral,0,neutral
Rotation,Internal Rate of Return,5,1,2,neutral,0,neutral
Rotation,Payback Period,5,1,2,neutral,0,neutral
Rotation,Benefit Cost Ratio (NPTC),8,2,0.875,neutral,3,neutral
Controlled Grazing,Gross Revenue,2,1,0.5,neutral,1,neutral
Controlled Grazing,Variable Cost,2,1,1,neutral,1,neutral
Controlled Grazing,Gross Profit,2,1,0.5,neutral,1,neutral
Controlled Grazing,Benefit Cost Ratio (GPVC),2,1,-0.5,neutral,1,neutral
Reduced Fert,Gross Revenue,402,37,0.0938771402280719,neutral,123,neutral
Reduced Fert,Gross Profit,536,43,-0.10453125279909,neutral,105,neutral
Reduced Fert,Returns to Labour,18,1,-0.666666666666667,neutral,0,neutral
Reduced Fert,Variable Cost,373,39,-0.0564652387413582,neutral,169,neutral
Reduced Fert,Benefit Cost Ratio (GPVC),393,39,0.434760193595671,neutral,86,neutral
Reduced Fert,Benefit Cost Ratio (Unspecified),8,2,-0.227272727272727,neutral,3,neutral
Reduced Fert,Total Cost (Unconfirmed),36,3,-0.316666666666667,neutral,13,neutral
Reduced Fert,Net Profit,94,6,-0.481944444444445,neutral,19,neutral
Reduced Fert,Benefit Cost Ratio (NPTC),114,6,0.508333333333333,neutral,36,neutral
Reduced Fert,Total Cost,94,6,-0.30875,neutral,44,neutral
Reduced Fert,Net Present Value,6,1,-0.499666666666667,neutral,0,neutral
Reduced Fert,Marginal Rate of Return,9,2,0.666809523809524,neutral,1,neutral
Reduced Fert,Return to Labour,4,1,0.5,neutral,1,neutral
Controlled Release Fert,Gross Revenue,12,2,-0.416666666666667,neutral,7,neutral
Controlled Release Fert,Gross Profit,12,2,-0.333333333333333,neutral,8,neutral
Controlled Release Fert,Variable Cost,8,2,-0.25,neutral,7,neutral
Controlled Release Fert,Net Profit,6,1,0.333333333333333,neutral,4,neutral
Controlled Release Fert,Total Cost,6,1,-0.666666666666667,neutral,2,neutral
Controlled Release Fert,Benefit Cost Ratio (GPVC),8,2,0,neutral,3,neutral
Controlled Release Fert,Benefit Cost Ratio (NPTC),6,1,0.5,neutral,2,neutral
IPM,Net Profit (Unconfirmed),11,3,0.57514652014652,neutral,1,neutral
IPM,Gross Profit,14,3,-0.988095238095238,neutral,0,neutral
IPM,Gross Revenue,16,5,0.347222222222222,neutral,3,neutral
IPM,Variable Cost,14,3,0.523809523809524,neutral,10,neutral
IPM,Benefit Cost Ratio (GPVC),25,3,-0.913928571428571,neutral,1,neutral
IPM,Total Cost (Unconfirmed),1,1,1,neutral,0,neutral
Cover Crops,Returns to Labour,27,1,1.40740740740741,neutral,1,neutral
Cover Crops,Gross Revenue,49,12,0.734386363636364,neutral,18,neutral
Cover Crops,Gross Profit,43,11,0.132481203007519,neutral,8,neutral
Cover Crops,Variable Cost,47,11,0.69406015037594,neutral,18,neutral
Cover Crops,Benefit Cost Ratio (GPVC),56,11,-0.59216992481203,neutral,15,neutral
Cover Crops,Total Cost (Unconfirmed),9,2,0,neutral,5,neutral
Cover Crops,Net Profit,14,3,0.555555555555556,neutral,1,neutral
Cover Crops,Total Cost,18,4,0.300675675675676,neutral,10,neutral
Cover Crops,Net Profit (Unconfirmed),8,2,0.349285714285714,neutral,0,neutral
Cover Crops,Return on Investment,2,1,1,neutral,0,neutral
Cover Crops,Internal Rate of Return,5,1,1.001,neutral,0,neutral
Cover Crops,Net Present Value,5,1,1.001,neutral,0,neutral
Cover Crops,Benefit Cost Ratio (NPTC),14,3,0.222222222222222,neutral,5,neutral
Organic Fert,Gross Revenue,176,22,0.84955044955045,neutral,36,neutral
Organic Fert,Gross Profit,229,24,0.646058680109673,neutral,32,neutral
Organic Fert,Variable Cost,166,21,0.554126984126984,neutral,59,neutral
Organic Fert,Benefit Cost Ratio (GPVC),180,21,0.467072125456243,neutral,66,neutral
Organic Fert,Benefit Cost Ratio (Unspecified),6,3,0,neutral,6,neutral
Organic Fert,Total Cost (Unconfirmed),5,2,0.5,neutral,2,neutral
Organic Fert,Net Profit (Unconfirmed),8,2,0.892946428571429,neutral,1,neutral
Organic Fert,Total Cost,42,3,0.537142857142857,neutral,11,neutral
Organic Fert,Net Profit,43,4,0.576190476190476,neutral,5,neutral
Organic Fert,Net Present Value,1,1,2,neutral,0,neutral
Organic Fert,Internal Rate of Return,1,1,2,neutral,0,neutral
Organic Fert,Payback Period,1,1,2,neutral,0,neutral
Organic Fert,Return to Labour,2,1,-1.0005,neutral,0,neutral
Organic Fert,Marginal Rate of Return,11,1,0.546,neutral,3,neutral
Organic Fert,Benefit Cost Ratio (NPTC),41,3,1.29857142857143,neutral,15,neutral
All Nbs,Variable Cost,1410,133,0.476912062520873,neutral,644,neutral
All Nbs,Gross Profit,1974,155,0.447908240787271,neutral,436,neutral
All Nbs,Gross Revenue,1442,138,0.532112617288316,neutral,558,neutral
All Nbs,Total Cost,332,28,0.185903382928357,neutral,202,neutral
All Nbs,Net Profit,332,28,0.486193212387627,neutral,62,neutral
All Nbs,Net Profit (Unconfirmed),58,10,0.82061149825784,neutral,8,neutral
All Nbs,Returns to Labour,99,1,1.18181818181818,neutral,2,neutral
All Nbs,Labour Cost per Asset,19,2,1.5,neutral,0,neutral
All Nbs,Benefit Cost Ratio (Unspecified),60,10,-0.0482384823848238,neutral,23,neutral
All Nbs,Benefit Cost Ratio (GPVC),1494,131,0.448331904019477,neutral,388,neutral
All Nbs,Benefit Cost Ratio (NPTC),371,28,0.464725543763514,neutral,111,neutral
All Nbs,Marginal Rate of Return,24,4,0.415730769230769,neutral,3,neutral
All Nbs,Total Cost (Unconfirmed),88,12,0.398015873015873,neutral,51,neutral
All Nbs,Present Value of Benefit,4,2,2,neutral,0,neutral
All Nbs,Present Value of Cost,4,2,0.2,neutral,3,neutral
All Nbs,Net Present Value,77,7,0.916485303617571,neutral,0,neutral
All Nbs,Return on Investment,4,2,1.57142857142857,neutral,0,neutral
All Nbs,Internal Rate of Return,14,2,1.06442063492063,neutral,0,neutral
All Nbs,Payback Period,9,1,2,neutral,0,neutral
All Nbs,Fixed Cost,4,1,0,neutral,4,neutral
All Nbs,Return to Labour,8,1,-0.12525,neutral,2,neutral
Improved Livestock Diet,Variable Cost,1,1,2,negative,0,negative
Improved Livestock Diet,Gross Profit,1,1,2,negative,0,negative
Reduced Tillage,Variable Cost,420,55,-0.415468023924546,negative,156,negative
Reduced Tillage,Gross Revenue,394,49,0.117071802543007,negative,85,negative
Reduced Tillage,Gross Profit,610,64,0.541374389087684,negative,104,negative
Reduced Tillage,Labour Cost per Asset,1,1,1,negative,0,negative
Reduced Tillage,Net Profit,58,11,0.588642276422764,negative,25,negative
Reduced Tillage,Benefit Cost Ratio (NPTC),66,9,0.676822916666667,negative,13,negative
Reduced Tillage,Marginal Rate of Return,1,1,1.001,negative,0,negative
Reduced Tillage,Total Cost,56,10,-0.238571428571429,negative,9,negative
Reduced Tillage,Benefit Cost Ratio (GPVC),452,54,0.639902252567694,negative,81,negative
Reduced Tillage,Total Cost (Unconfirmed),2,1,0,negative,0,negative
Reduced Tillage,Net Present Value,7,1,1.71442857142857,negative,0,negative
Reduced Tillage,Internal Rate of Return,7,1,1.85714285714286,negative,0,negative
Reduced Tillage,Payback Period,7,1,2,negative,0,negative
Reduced Tillage,Fixed Cost,4,1,0,negative,0,negative
Reduced Tillage,Benefit Cost Ratio (Unspecified),6,1,-1.5,negative,3,negative
Reduced Erosion,Variable Cost,30,7,0.574175824175824,negative,7,negative
Reduced Erosion,Gross Revenue,25,7,0.979591836734694,negative,0,negative
Reduced Erosion,Gross Profit,40,9,0.598636363636364,negative,4,negative
Reduced Erosion,Net Profit (Unconfirmed),23,2,1.21435714285714,negative,1,negative
Reduced Erosion,Benefit Cost Ratio (Unspecified),10,1,0.9,negative,0,negative
Reduced Erosion,Benefit Cost Ratio (GPVC),44,7,0.20881043956044,negative,13,negative
Reduced Erosion,Net Profit,1,1,0,negative,0,negative
Biochar,Gross Revenue,106,9,0.625446428571429,negative,3,negative
Biochar,Gross Profit,130,10,0.510483870967742,negative,12,negative
Biochar,Total Cost,83,4,0.3375,negative,9,negative
Biochar,Variable Cost,130,10,0.825806451612903,negative,12,negative
Biochar,Total Cost (Unconfirmed),15,1,-0.4,negative,6,negative
Biochar,Net Profit,83,4,0.922222222222222,negative,12,negative
Biochar,Benefit Cost Ratio (GPVC),122,10,0.0752204301075269,negative,31,negative
Biochar,Benefit Cost Ratio (NPTC),83,4,0.172222222222222,negative,16,negative
Agroforestry,Gross Revenue,45,9,0.189784946236559,negative,13,negative
Agroforestry,Variable Cost,42,7,-0.178571428571429,negative,7,negative
Agroforestry,Gross Profit,42,8,0.0376344086021505,negative,10,negative
Agroforestry,Net Profit,12,3,0.142833333333333,negative,2,negative
Agroforestry,Total Cost,12,3,0.80952380952381,negative,0,negative
Agroforestry,Net Present Value,53,3,-0.286981481481482,negative,1,negative
Agroforestry,Benefit Cost Ratio (GPVC),41,7,0.69952380952381,negative,3,negative
Agroforestry,Present Value of Benefit,2,1,2,negative,0,negative
Agroforestry,Present Value of Cost,2,1,1,negative,0,negative
Agroforestry,Benefit Cost Ratio (NPTC),12,3,-0.416666666666667,negative,1,negative
Intercropping,Gross Profit,232,21,0.664321987951807,negative,25,negative
Intercropping,Gross Revenue,136,20,1.00362165963432,negative,7,negative
Intercropping,Net Profit,3,1,1.66666666666667,negative,0,negative
Intercropping,Variable Cost,123,16,0.635740740740741,negative,9,negative
Intercropping,Returns to Labour,27,1,1.40740740740741,negative,0,negative
Intercropping,Labour Cost per Asset,19,2,1.5,negative,0,negative
Intercropping,Benefit Cost Ratio (GPVC),124,16,0.651698888888889,negative,25,negative
Intercropping,Marginal Rate of Return,8,2,-0.857142857142857,negative,0,negative
Intercropping,Benefit Cost Ratio (Unspecified),20,1,0.6,negative,4,negative
Intercropping,Net Profit (Unconfirmed),19,3,1.52068253968254,negative,1,negative
Intercropping,Net Present Value,6,2,1.3755,negative,0,negative
Intercropping,Internal Rate of Return,5,1,1.8,negative,0,negative
Intercropping,Payback Period,5,1,2,negative,0,negative
Intercropping,Total Cost (Unconfirmed),12,2,0.4,negative,0,negative
Intercropping,Benefit Cost Ratio (NPTC),9,2,0.5,negative,0,negative
Intercropping,Total Cost,3,1,0.666666666666667,negative,0,negative
Residue/Mulch,Gross Profit,537,56,0.427953589145897,negative,71,negative
Residue/Mulch,Gross Revenue,281,41,0.41363242739142,negative,43,negative
Residue/Mulch,Variable Cost,317,46,0.0746940789473684,negative,63,negative
Residue/Mulch,Benefit Cost Ratio (GPVC),343,45,0.262668807069143,negative,60,negative
Residue/Mulch,Total Cost (Unconfirmed),8,1,0,negative,2,negative
Residue/Mulch,Net Profit,33,8,0.8,negative,0,negative
Residue/Mulch,Present Value of Benefit,2,1,2,negative,0,negative
Residue/Mulch,Present Value of Cost,2,1,0,negative,0,negative
Residue/Mulch,Net Present Value,2,1,2,negative,0,negative
Residue/Mulch,Return on Investment,2,1,2,negative,0,negative
Residue/Mulch,Total Cost,31,7,0.0520833333333333,negative,6,negative
Residue/Mulch,Benefit Cost Ratio (NPTC),33,6,1.06349206349206,negative,1,negative
Residue/Mulch,Net Profit (Unconfirmed),8,2,1.68261904761905,negative,1,negative
Residue/Mulch,Return to Labour,2,1,-0.5005,negative,0,negative
Residue/Mulch,Benefit Cost Ratio (Unspecified),5,1,-1.6,negative,2,negative
Reduced Irrigation,Gross Revenue,166,23,0.337156862745098,negative,11,negative
Reduced Irrigation,Gross Profit,181,24,0.461852713178295,negative,34,negative
Reduced Irrigation,Variable Cost,161,21,-0.154934210526316,negative,62,negative
Reduced Irrigation,Total Cost,44,4,-0.115384615384615,negative,2,negative
Reduced Irrigation,Net Profit,41,4,0.455555555555556,negative,3,negative
Reduced Irrigation,Total Cost (Unconfirmed),10,2,0,negative,0,negative
Reduced Irrigation,Net Profit (Unconfirmed),23,3,0.967733766233766,negative,1,negative
Reduced Irrigation,Benefit Cost Ratio (NPTC),44,4,0.284615384615385,negative,3,negative
Reduced Irrigation,Benefit Cost Ratio (GPVC),186,21,0.385921052631579,negative,27,negative
Reduced Irrigation,Benefit Cost Ratio (Unspecified),2,1,-0.5,negative,1,negative
Rotation,Gross Revenue,36,14,1.09271523178808,negative,1,negative
Rotation,Gross Profit,99,21,0.63416393442623,negative,7,negative
Rotation,Returns to Labour,54,1,1.68518518518519,negative,1,negative
Rotation,Benefit Cost Ratio (Unspecified),5,2,0.25,negative,0,negative
Rotation,Variable Cost,59,15,1.58064516129032,negative,2,negative
Rotation,Benefit Cost Ratio (GPVC),63,15,0.870760368663595,negative,9,negative
Rotation,Total Cost (Unconfirmed),2,1,2,negative,0,negative
Rotation,Total Cost,8,2,0.5,negative,1,negative
Rotation,Net Profit,8,2,2,negative,0,negative
Rotation,Net Profit (Unconfirmed),8,2,1.68261904761905,negative,1,negative
Rotation,Net Present Value,5,1,1.6004,negative,0,negative
Rotation,Internal Rate of Return,5,1,2,negative,0,negative
Rotation,Payback Period,5,1,2,negative,0,negative
Rotation,Benefit Cost Ratio (NPTC),8,2,0.875,negative,1,negative
Controlled Grazing,Gross Revenue,2,1,0.5,negative,0,negative
Controlled Grazing,Variable Cost,2,1,1,negative,0,negative
Controlled Grazing,Gross Profit,2,1,0.5,negative,0,negative
Controlled Grazing,Benefit Cost Ratio (GPVC),2,1,-0.5,negative,1,negative
Reduced Fert,Gross Revenue,402,37,0.0938771402280719,negative,129,negative
Reduced Fert,Gross Profit,536,43,-0.10453125279909,negative,156,negative
Reduced Fert,Returns to Labour,18,1,-0.666666666666667,negative,12,negative
Reduced Fert,Variable Cost,373,39,-0.0564652387413582,negative,112,negative
Reduced Fert,Benefit Cost Ratio (GPVC),393,39,0.434760193595671,negative,82,negative
Reduced Fert,Benefit Cost Ratio (Unspecified),8,2,-0.227272727272727,negative,5,negative
Reduced Fert,Total Cost (Unconfirmed),36,3,-0.316666666666667,negative,21,negative
Reduced Fert,Net Profit,94,6,-0.481944444444445,negative,47,negative
Reduced Fert,Benefit Cost Ratio (NPTC),114,6,0.508333333333333,negative,28,negative
Reduced Fert,Total Cost,94,6,-0.30875,negative,39,negative
Reduced Fert,Net Present Value,6,1,-0.499666666666667,negative,3,negative
Reduced Fert,Marginal Rate of Return,9,2,0.666809523809524,negative,1,negative
Reduced Fert,Return to Labour,4,1,0.5,negative,1,negative
Controlled Release Fert,Gross Revenue,12,2,-0.416666666666667,negative,5,negative
Controlled Release Fert,Gross Profit,12,2,-0.333333333333333,negative,4,negative
Controlled Release Fert,Variable Cost,8,2,-0.25,negative,1,negative
Controlled Release Fert,Net Profit,6,1,0.333333333333333,negative,0,negative
Controlled Release Fert,Total Cost,6,1,-0.666666666666667,negative,4,negative
Controlled Release Fert,Benefit Cost Ratio (GPVC),8,2,0,negative,2,negative
Controlled Release Fert,Benefit Cost Ratio (NPTC),6,1,0.5,negative,1,negative
IPM,Net Profit (Unconfirmed),11,3,0.57514652014652,negative,2,negative
IPM,Gross Profit,14,3,-0.988095238095238,negative,5,negative
IPM,Gross Revenue,16,5,0.347222222222222,negative,7,negative
IPM,Variable Cost,14,3,0.523809523809524,negative,1,negative
IPM,Benefit Cost Ratio (GPVC),25,3,-0.913928571428571,negative,9,negative
IPM,Total Cost (Unconfirmed),1,1,1,negative,0,negative
Cover Crops,Returns to Labour,27,1,1.40740740740741,negative,0,negative
Cover Crops,Gross Revenue,49,12,0.734386363636364,negative,6,negative
Cover Crops,Gross Profit,43,11,0.132481203007519,negative,14,negative
Cover Crops,Variable Cost,47,11,0.69406015037594,negative,10,negative
Cover Crops,Benefit Cost Ratio (GPVC),56,11,-0.59216992481203,negative,10,negative
Cover Crops,Total Cost (Unconfirmed),9,2,0,negative,2,negative
Cover Crops,Net Profit,14,3,0.555555555555556,negative,3,negative
Cover Crops,Total Cost,18,4,0.300675675675676,negative,2,negative
Cover Crops,Net Profit (Unconfirmed),8,2,0.349285714285714,negative,2,negative
Cover Crops,Return on Investment,2,1,1,negative,0,negative
Cover Crops,Internal Rate of Return,5,1,1.001,negative,0,negative
Cover Crops,Net Present Value,5,1,1.001,negative,0,negative
Cover Crops,Benefit Cost Ratio (NPTC),14,3,0.222222222222222,negative,1,negative
Organic Fert,Gross Revenue,176,22,0.84955044955045,negative,5,negative
Organic Fert,Gross Profit,229,24,0.646058680109673,negative,23,negative
Organic Fert,Variable Cost,166,21,0.554126984126984,negative,3,negative
Organic Fert,Benefit Cost Ratio (GPVC),180,21,0.467072125456243,negative,33,negative
Organic Fert,Benefit Cost Ratio (Unspecified),6,3,0,negative,0,negative
Organic Fert,Total Cost (Unconfirmed),5,2,0.5,negative,0,negative
Organic Fert,Net Profit (Unconfirmed),8,2,0.892946428571429,negative,1,negative
Organic Fert,Total Cost,42,3,0.537142857142857,negative,0,negative
Organic Fert,Net Profit,43,4,0.576190476190476,negative,1,negative
Organic Fert,Net Present Value,1,1,2,negative,0,negative
Organic Fert,Internal Rate of Return,1,1,2,negative,0,negative
Organic Fert,Payback Period,1,1,2,negative,0,negative
Organic Fert,Return to Labour,2,1,-1.0005,negative,1,negative
Organic Fert,Marginal Rate of Return,11,1,0.546,negative,0,negative
Organic Fert,Benefit Cost Ratio (NPTC),41,3,1.29857142857143,negative,7,negative
All Nbs,Variable Cost,1410,133,0.476912062520873,negative,280,negative
All Nbs,Gross Profit,1974,155,0.447908240787271,negative,333,negative
All Nbs,Gross Revenue,1442,138,0.532112617288316,negative,250,negative
All Nbs,Total Cost,332,28,0.185903382928357,negative,52,negative
All Nbs,Net Profit,332,28,0.486193212387627,negative,89,negative
All Nbs,Net Profit (Unconfirmed),58,10,0.82061149825784,negative,3,negative
All Nbs,Returns to Labour,99,1,1.18181818181818,negative,13,negative
All Nbs,Labour Cost per Asset,19,2,1.5,negative,0,negative
All Nbs,Benefit Cost Ratio (Unspecified),60,10,-0.0482384823848238,negative,15,negative
All Nbs,Benefit Cost Ratio (GPVC),1494,131,0.448331904019477,negative,284,negative
All Nbs,Benefit Cost Ratio (NPTC),371,28,0.464725543763514,negative,66,negative
All Nbs,Marginal Rate of Return,24,4,0.415730769230769,negative,1,negative
All Nbs,Total Cost (Unconfirmed),88,12,0.398015873015873,negative,23,negative
All Nbs,Present Value of Benefit,4,2,2,negative,0,negative
All Nbs,Present Value of Cost,4,2,0.2,negative,0,negative
All Nbs,Net Present Value,77,7,0.916485303617571,negative,4,negative
All Nbs,Return on Investment,4,2,1.57142857142857,negative,0,negative
All Nbs,Internal Rate of Return,14,2,1.06442063492063,negative,0,negative
All Nbs,Payback Period,9,1,2,negative,0,negative
All Nbs,Fixed Cost,4,1,0,negative,0,negative
All Nbs,Return to Labour,8,1,-0.12525,negative,2,negative
Improved Livestock Diet,Variable Cost,1,1,2,negative_strong,0,negative
Improved Livestock Diet,Gross Profit,1,1,2,negative_strong,0,negative
Reduced Tillage,Variable Cost,420,55,-0.415468023924546,negative_strong,6,negative
Reduced Tillage,Gross Revenue,394,49,0.117071802543007,negative_strong,1,negative
Reduced Tillage,Gross Profit,610,64,0.541374389087684,negative_strong,32,negative
Reduced Tillage,Labour Cost per Asset,1,1,1,negative_strong,0,negative
Reduced Tillage,Net Profit,58,11,0.588642276422764,negative_strong,6,negative
Reduced Tillage,Benefit Cost Ratio (NPTC),66,9,0.676822916666667,negative_strong,3,negative
Reduced Tillage,Marginal Rate of Return,1,1,1.001,negative_strong,0,negative
Reduced Tillage,Total Cost,56,10,-0.238571428571429,negative_strong,1,negative
Reduced Tillage,Benefit Cost Ratio (GPVC),452,54,0.639902252567694,negative_strong,30,negative
Reduced Tillage,Total Cost (Unconfirmed),2,1,0,negative_strong,0,negative
Reduced Tillage,Net Present Value,7,1,1.71442857142857,negative_strong,0,negative
Reduced Tillage,Internal Rate of Return,7,1,1.85714285714286,negative_strong,0,negative
Reduced Tillage,Payback Period,7,1,2,negative_strong,0,negative
Reduced Tillage,Fixed Cost,4,1,0,negative_strong,0,negative
Reduced Tillage,Benefit Cost Ratio (Unspecified),6,1,-1.5,negative_strong,3,negative
Reduced Erosion,Variable Cost,30,7,0.574175824175824,negative_strong,0,negative
Reduced Erosion,Gross Revenue,25,7,0.979591836734694,negative_strong,0,negative
Reduced Erosion,Gross Profit,40,9,0.598636363636364,negative_strong,1,negative
Reduced Erosion,Net Profit (Unconfirmed),23,2,1.21435714285714,negative_strong,0,negative
Reduced Erosion,Benefit Cost Ratio (Unspecified),10,1,0.9,negative_strong,0,negative
Reduced Erosion,Benefit Cost Ratio (GPVC),44,7,0.20881043956044,negative_strong,4,negative
Reduced Erosion,Net Profit,1,1,0,negative_strong,0,negative
Biochar,Gross Revenue,106,9,0.625446428571429,negative_strong,0,negative
Biochar,Gross Profit,130,10,0.510483870967742,negative_strong,0,negative
Biochar,Total Cost,83,4,0.3375,negative_strong,0,negative
Biochar,Variable Cost,130,10,0.825806451612903,negative_strong,4,negative
Biochar,Total Cost (Unconfirmed),15,1,-0.4,negative_strong,0,negative
Biochar,Net Profit,83,4,0.922222222222222,negative_strong,0,negative
Biochar,Benefit Cost Ratio (GPVC),122,10,0.0752204301075269,negative_strong,4,negative
Biochar,Benefit Cost Ratio (NPTC),83,4,0.172222222222222,negative_strong,5,negative
Agroforestry,Gross Revenue,45,9,0.189784946236559,negative_strong,1,negative
Agroforestry,Variable Cost,42,7,-0.178571428571429,negative_strong,7,negative
Agroforestry,Gross Profit,42,8,0.0376344086021505,negative_strong,3,negative
Agroforestry,Net Profit,12,3,0.142833333333333,negative_strong,2,negative
Agroforestry,Total Cost,12,3,0.80952380952381,negative_strong,0,negative
Agroforestry,Net Present Value,53,3,-0.286981481481482,negative_strong,2,negative
Agroforestry,Benefit Cost Ratio (GPVC),41,7,0.69952380952381,negative_strong,1,negative
Agroforestry,Present Value of Benefit,2,1,2,negative_strong,0,negative
Agroforestry,Present Value of Cost,2,1,1,negative_strong,0,negative
Agroforestry,Benefit Cost Ratio (NPTC),12,3,-0.416666666666667,negative_strong,2,negative
Intercropping,Gross Profit,232,21,0.664321987951807,negative_strong,9,negative
Intercropping,Gross Revenue,136,20,1.00362165963432,negative_strong,2,negative
Intercropping,Net Profit,3,1,1.66666666666667,negative_strong,0,negative
Intercropping,Variable Cost,123,16,0.635740740740741,negative_strong,0,negative
Intercropping,Returns to Labour,27,1,1.40740740740741,negative_strong,0,negative
Intercropping,Labour Cost per Asset,19,2,1.5,negative_strong,0,negative
Intercropping,Benefit Cost Ratio (GPVC),124,16,0.651698888888889,negative_strong,5,negative
Intercropping,Marginal Rate of Return,8,2,-0.857142857142857,negative_strong,4,negative
Intercropping,Benefit Cost Ratio (Unspecified),20,1,0.6,negative_strong,0,negative
Intercropping,Net Profit (Unconfirmed),19,3,1.52068253968254,negative_strong,0,negative
Intercropping,Net Present Value,6,2,1.3755,negative_strong,0,negative
Intercropping,Internal Rate of Return,5,1,1.8,negative_strong,0,negative
Intercropping,Payback Period,5,1,2,negative_strong,0,negative
Intercropping,Total Cost (Unconfirmed),12,2,0.4,negative_strong,0,negative
Intercropping,Benefit Cost Ratio (NPTC),9,2,0.5,negative_strong,0,negative
Intercropping,Total Cost,3,1,0.666666666666667,negative_strong,0,negative
Residue/Mulch,Gross Profit,537,56,0.427953589145897,negative_strong,41,negative
Residue/Mulch,Gross Revenue,281,41,0.41363242739142,negative_strong,3,negative
Residue/Mulch,Variable Cost,317,46,0.0746940789473684,negative_strong,2,negative
Residue/Mulch,Benefit Cost Ratio (GPVC),343,45,0.262668807069143,negative_strong,16,negative
Residue/Mulch,Total Cost (Unconfirmed),8,1,0,negative_strong,0,negative
Residue/Mulch,Net Profit,33,8,0.8,negative_strong,5,negative
Residue/Mulch,Present Value of Benefit,2,1,2,negative_strong,0,negative
Residue/Mulch,Present Value of Cost,2,1,0,negative_strong,0,negative
Residue/Mulch,Net Present Value,2,1,2,negative_strong,0,negative
Residue/Mulch,Return on Investment,2,1,2,negative_strong,0,negative
Residue/Mulch,Total Cost,31,7,0.0520833333333333,negative_strong,0,negative
Residue/Mulch,Benefit Cost Ratio (NPTC),33,6,1.06349206349206,negative_strong,3,negative
Residue/Mulch,Net Profit (Unconfirmed),8,2,1.68261904761905,negative_strong,0,negative
Residue/Mulch,Return to Labour,2,1,-0.5005,negative_strong,0,negative
Residue/Mulch,Benefit Cost Ratio (Unspecified),5,1,-1.6,negative_strong,3,negative
Reduced Irrigation,Gross Revenue,166,23,0.337156862745098,negative_strong,0,negative
Reduced Irrigation,Gross Profit,181,24,0.461852713178295,negative_strong,2,negative
Reduced Irrigation,Variable Cost,161,21,-0.154934210526316,negative_strong,5,negative
Reduced Irrigation,Total Cost,44,4,-0.115384615384615,negative_strong,0,negative
Reduced Irrigation,Net Profit,41,4,0.455555555555556,negative_strong,0,negative
Reduced Irrigation,Total Cost (Unconfirmed),10,2,0,negative_strong,0,negative
Reduced Irrigation,Net Profit (Unconfirmed),23,3,0.967733766233766,negative_strong,0,negative
Reduced Irrigation,Benefit Cost Ratio (NPTC),44,4,0.284615384615385,negative_strong,3,negative
Reduced Irrigation,Benefit Cost Ratio (GPVC),186,21,0.385921052631579,negative_strong,11,negative
Reduced Irrigation,Benefit Cost Ratio (Unspecified),2,1,-0.5,negative_strong,0,negative
Rotation,Gross Revenue,36,14,1.09271523178808,negative_strong,0,negative
Rotation,Gross Profit,99,21,0.63416393442623,negative_strong,5,negative
Rotation,Returns to Labour,54,1,1.68518518518519,negative_strong,0,negative
Rotation,Benefit Cost Ratio (Unspecified),5,2,0.25,negative_strong,0,negative
Rotation,Variable Cost,59,15,1.58064516129032,negative_strong,0,negative
Rotation,Benefit Cost Ratio (GPVC),63,15,0.870760368663595,negative_strong,0,negative
Rotation,Total Cost (Unconfirmed),2,1,2,negative_strong,0,negative
Rotation,Total Cost,8,2,0.5,negative_strong,0,negative
Rotation,Net Profit,8,2,2,negative_strong,0,negative
Rotation,Net Profit (Unconfirmed),8,2,1.68261904761905,negative_strong,0,negative
Rotation,Net Present Value,5,1,1.6004,negative_strong,0,negative
Rotation,Internal Rate of Return,5,1,2,negative_strong,0,negative
Rotation,Payback Period,5,1,2,negative_strong,0,negative
Rotation,Benefit Cost Ratio (NPTC),8,2,0.875,negative_strong,0,negative
Controlled Grazing,Gross Revenue,2,1,0.5,negative_strong,0,negative
Controlled Grazing,Variable Cost,2,1,1,negative_strong,0,negative
Controlled Grazing,Gross Profit,2,1,0.5,negative_strong,0,negative
Controlled Grazing,Benefit Cost Ratio (GPVC),2,1,-0.5,negative_strong,0,negative
Reduced Fert,Gross Revenue,402,37,0.0938771402280719,negative_strong,29,negative
Reduced Fert,Gross Profit,536,43,-0.10453125279909,negative_strong,65,negative
Reduced Fert,Returns to Labour,18,1,-0.666666666666667,negative_strong,2,negative
Reduced Fert,Variable Cost,373,39,-0.0564652387413582,negative_strong,15,negative
Reduced Fert,Benefit Cost Ratio (GPVC),393,39,0.434760193595671,negative_strong,19,negative
Reduced Fert,Benefit Cost Ratio (Unspecified),8,2,-0.227272727272727,negative_strong,0,negative
Reduced Fert,Total Cost (Unconfirmed),36,3,-0.316666666666667,negative_strong,0,negative
Reduced Fert,Net Profit,94,6,-0.481944444444445,negative_strong,13,negative
Reduced Fert,Benefit Cost Ratio (NPTC),114,6,0.508333333333333,negative_strong,8,negative
Reduced Fert,Total Cost,94,6,-0.30875,negative_strong,0,negative
Reduced Fert,Net Present Value,6,1,-0.499666666666667,negative_strong,1,negative
Reduced Fert,Marginal Rate of Return,9,2,0.666809523809524,negative_strong,1,negative
Reduced Fert,Return to Labour,4,1,0.5,negative_strong,0,negative
Controlled Release Fert,Gross Revenue,12,2,-0.416666666666667,negative_strong,0,negative
Controlled Release Fert,Gross Profit,12,2,-0.333333333333333,negative_strong,0,negative
Controlled Release Fert,Variable Cost,8,2,-0.25,negative_strong,0,negative
Controlled Release Fert,Net Profit,6,1,0.333333333333333,negative_strong,0,negative
Controlled Release Fert,Total Cost,6,1,-0.666666666666667,negative_strong,0,negative
Controlled Release Fert,Benefit Cost Ratio (GPVC),8,2,0,negative_strong,0,negative
Controlled Release Fert,Benefit Cost Ratio (NPTC),6,1,0.5,negative_strong,0,negative
IPM,Net Profit (Unconfirmed),11,3,0.57514652014652,negative_strong,0,negative
IPM,Gross Profit,14,3,-0.988095238095238,negative_strong,6,negative
IPM,Gross Revenue,16,5,0.347222222222222,negative_strong,3,negative
IPM,Variable Cost,14,3,0.523809523809524,negative_strong,0,negative
IPM,Benefit Cost Ratio (GPVC),25,3,-0.913928571428571,negative_strong,7,negative
IPM,Total Cost (Unconfirmed),1,1,1,negative_strong,0,negative
Cover Crops,Returns to Labour,27,1,1.40740740740741,negative_strong,0,negative
Cover Crops,Gross Revenue,49,12,0.734386363636364,negative_strong,0,negative
Cover Crops,Gross Profit,43,11,0.132481203007519,negative_strong,1,negative
Cover Crops,Variable Cost,47,11,0.69406015037594,negative_strong,0,negative
Cover Crops,Benefit Cost Ratio (GPVC),56,11,-0.59216992481203,negative_strong,3,negative
Cover Crops,Total Cost (Unconfirmed),9,2,0,negative_strong,0,negative
Cover Crops,Net Profit,14,3,0.555555555555556,negative_strong,0,negative
Cover Crops,Total Cost,18,4,0.300675675675676,negative_strong,0,negative
Cover Crops,Net Profit (Unconfirmed),8,2,0.349285714285714,negative_strong,0,negative
Cover Crops,Return on Investment,2,1,1,negative_strong,0,negative
Cover Crops,Internal Rate of Return,5,1,1.001,negative_strong,0,negative
Cover Crops,Net Present Value,5,1,1.001,negative_strong,0,negative
Cover Crops,Benefit Cost Ratio (NPTC),14,3,0.222222222222222,negative_strong,2,negative
Organic Fert,Gross Revenue,176,22,0.84955044955045,negative_strong,3,negative
Organic Fert,Gross Profit,229,24,0.646058680109673,negative_strong,14,negative
Organic Fert,Variable Cost,166,21,0.554126984126984,negative_strong,0,negative
Organic Fert,Benefit Cost Ratio (GPVC),180,21,0.467072125456243,negative_strong,14,negative
Organic Fert,Benefit Cost Ratio (Unspecified),6,3,0,negative_strong,0,negative
Organic Fert,Total Cost (Unconfirmed),5,2,0.5,negative_strong,0,negative
Organic Fert,Net Profit (Unconfirmed),8,2,0.892946428571429,negative_strong,0,negative
Organic Fert,Total Cost,42,3,0.537142857142857,negative_strong,0,negative
Organic Fert,Net Profit,43,4,0.576190476190476,negative_strong,0,negative
Organic Fert,Net Present Value,1,1,2,negative_strong,0,negative
Organic Fert,Internal Rate of Return,1,1,2,negative_strong,0,negative
Organic Fert,Payback Period,1,1,2,negative_strong,0,negative
Organic Fert,Return to Labour,2,1,-1.0005,negative_strong,0,negative
Organic Fert,Marginal Rate of Return,11,1,0.546,negative_strong,1,negative
Organic Fert,Benefit Cost Ratio (NPTC),41,3,1.29857142857143,negative_strong,1,negative
All Nbs,Variable Cost,1410,133,0.476912062520873,negative_strong,30,negative
All Nbs,Gross Profit,1974,155,0.447908240787271,negative_strong,118,negative
All Nbs,Gross Revenue,1442,138,0.532112617288316,negative_strong,33,negative
All Nbs,Total Cost,332,28,0.185903382928357,negative_strong,1,negative
All Nbs,Net Profit,332,28,0.486193212387627,negative_strong,24,negative
All Nbs,Net Profit (Unconfirmed),58,10,0.82061149825784,negative_strong,0,negative
All Nbs,Returns to Labour,99,1,1.18181818181818,negative_strong,2,negative
All Nbs,Labour Cost per Asset,19,2,1.5,negative_strong,0,negative
All Nbs,Benefit Cost Ratio (Unspecified),60,10,-0.0482384823848238,negative_strong,4,negative
All Nbs,Benefit Cost Ratio (GPVC),1494,131,0.448331904019477,negative_strong,76,negative
All Nbs,Benefit Cost Ratio (NPTC),371,28,0.464725543763514,negative_strong,24,negative
All Nbs,Marginal Rate of Return,24,4,0.415730769230769,negative_strong,5,negative
All Nbs,Total Cost (Unconfirmed),88,12,0.398015873015873,negative_strong,0,negative
All Nbs,Present Value of Benefit,4,2,2,negative_strong,0,negative
All Nbs,Present Value of Cost,4,2,0.2,negative_strong,0,negative
All Nbs,Net Present Value,77,7,0.916485303617571,negative_strong,3,negative
All Nbs,Return on Investment,4,2,1.57142857142857,negative_strong,0,negative
All Nbs,Internal Rate of Return,14,2,1.06442063492063,negative_strong,0,negative
All Nbs,Payback Period,9,1,2,negative_strong,0,negative
All Nbs,Fixed Cost,4,1,0,negative_strong,0,negative
All Nbs,Return to Labour,8,1,-0.12525,negative_strong,0,negative
Improved Livestock Diet,Variable Cost,1,1,2,posC_negT,0,negative
Improved Livestock Diet,Gross Profit,1,1,2,posC_negT,0,negative
Reduced Tillage,Variable Cost,420,55,-0.415468023924546,posC_negT,0,negative
Reduced Tillage,Gross Revenue,394,49,0.117071802543007,posC_negT,0,negative
Reduced Tillage,Gross Profit,610,64,0.541374389087684,posC_negT,28,negative
Reduced Tillage,Labour Cost per Asset,1,1,1,posC_negT,0,negative
Reduced Tillage,Net Profit,58,11,0.588642276422764,posC_negT,0,negative
Reduced Tillage,Benefit Cost Ratio (NPTC),66,9,0.676822916666667,posC_negT,2,negative
Reduced Tillage,Marginal Rate of Return,1,1,1.001,posC_negT,0,negative
Reduced Tillage,Total Cost,56,10,-0.238571428571429,posC_negT,0,negative
Reduced Tillage,Benefit Cost Ratio (GPVC),452,54,0.639902252567694,posC_negT,12,negative
Reduced Tillage,Total Cost (Unconfirmed),2,1,0,posC_negT,0,negative
Reduced Tillage,Net Present Value,7,1,1.71442857142857,posC_negT,0,negative
Reduced Tillage,Internal Rate of Return,7,1,1.85714285714286,posC_negT,0,negative
Reduced Tillage,Payback Period,7,1,2,posC_negT,0,negative
Reduced Tillage,Fixed Cost,4,1,0,posC_negT,0,negative
Reduced Tillage,Benefit Cost Ratio (Unspecified),6,1,-1.5,posC_negT,0,negative
Reduced Erosion,Variable Cost,30,7,0.574175824175824,posC_negT,0,negative
Reduced Erosion,Gross Revenue,25,7,0.979591836734694,posC_negT,0,negative
Reduced Erosion,Gross Profit,40,9,0.598636363636364,posC_negT,1,negative
Reduced Erosion,Net Profit (Unconfirmed),23,2,1.21435714285714,posC_negT,0,negative
Reduced Erosion,Benefit Cost Ratio (Unspecified),10,1,0.9,posC_negT,0,negative
Reduced Erosion,Benefit Cost Ratio (GPVC),44,7,0.20881043956044,posC_negT,0,negative
Reduced Erosion,Net Profit,1,1,0,posC_negT,0,negative
Biochar,Gross Revenue,106,9,0.625446428571429,posC_negT,0,negative
Biochar,Gross Profit,130,10,0.510483870967742,posC_negT,0,negative
Biochar,Total Cost,83,4,0.3375,posC_negT,0,negative
Biochar,Variable Cost,130,10,0.825806451612903,posC_negT,0,negative
Biochar,Total Cost (Unconfirmed),15,1,-0.4,posC_negT,0,negative
Biochar,Net Profit,83,4,0.922222222222222,posC_negT,0,negative
Biochar,Benefit Cost Ratio (GPVC),122,10,0.0752204301075269,posC_negT,5,negative
Biochar,Benefit Cost Ratio (NPTC),83,4,0.172222222222222,posC_negT,0,negative
Agroforestry,Gross Revenue,45,9,0.189784946236559,posC_negT,0,negative
Agroforestry,Variable Cost,42,7,-0.178571428571429,posC_negT,0,negative
Agroforestry,Gross Profit,42,8,0.0376344086021505,posC_negT,0,negative
Agroforestry,Net Profit,12,3,0.142833333333333,posC_negT,2,negative
Agroforestry,Total Cost,12,3,0.80952380952381,posC_negT,0,negative
Agroforestry,Net Present Value,53,3,-0.286981481481482,posC_negT,0,negative
Agroforestry,Benefit Cost Ratio (GPVC),41,7,0.69952380952381,posC_negT,0,negative
Agroforestry,Present Value of Benefit,2,1,2,posC_negT,0,negative
Agroforestry,Present Value of Cost,2,1,1,posC_negT,0,negative
Agroforestry,Benefit Cost Ratio (NPTC),12,3,-0.416666666666667,posC_negT,0,negative
Intercropping,Gross Profit,232,21,0.664321987951807,posC_negT,2,negative
Intercropping,Gross Revenue,136,20,1.00362165963432,posC_negT,0,negative
Intercropping,Net Profit,3,1,1.66666666666667,posC_negT,0,negative
Intercropping,Variable Cost,123,16,0.635740740740741,posC_negT,0,negative
Intercropping,Returns to Labour,27,1,1.40740740740741,posC_negT,0,negative
Intercropping,Labour Cost per Asset,19,2,1.5,posC_negT,0,negative
Intercropping,Benefit Cost Ratio (GPVC),124,16,0.651698888888889,posC_negT,6,negative
Intercropping,Marginal Rate of Return,8,2,-0.857142857142857,posC_negT,0,negative
Intercropping,Benefit Cost Ratio (Unspecified),20,1,0.6,posC_negT,0,negative
Intercropping,Net Profit (Unconfirmed),19,3,1.52068253968254,posC_negT,0,negative
Intercropping,Net Present Value,6,2,1.3755,posC_negT,0,negative
Intercropping,Internal Rate of Return,5,1,1.8,posC_negT,0,negative
Intercropping,Payback Period,5,1,2,posC_negT,0,negative
Intercropping,Total Cost (Unconfirmed),12,2,0.4,posC_negT,0,negative
Intercropping,Benefit Cost Ratio (NPTC),9,2,0.5,posC_negT,0,negative
Intercropping,Total Cost,3,1,0.666666666666667,posC_negT,0,negative
Residue/Mulch,Gross Profit,537,56,0.427953589145897,posC_negT,13,negative
Residue/Mulch,Gross Revenue,281,41,0.41363242739142,posC_negT,0,negative
Residue/Mulch,Variable Cost,317,46,0.0746940789473684,posC_negT,0,negative
Residue/Mulch,Benefit Cost Ratio (GPVC),343,45,0.262668807069143,posC_negT,2,negative
Residue/Mulch,Total Cost (Unconfirmed),8,1,0,posC_negT,0,negative
Residue/Mulch,Net Profit,33,8,0.8,posC_negT,0,negative
Residue/Mulch,Present Value of Benefit,2,1,2,posC_negT,0,negative
Residue/Mulch,Present Value of Cost,2,1,0,posC_negT,0,negative
Residue/Mulch,Net Present Value,2,1,2,posC_negT,0,negative
Residue/Mulch,Return on Investment,2,1,2,posC_negT,0,negative
Residue/Mulch,Total Cost,31,7,0.0520833333333333,posC_negT,0,negative
Residue/Mulch,Benefit Cost Ratio (NPTC),33,6,1.06349206349206,posC_negT,0,negative
Residue/Mulch,Net Profit (Unconfirmed),8,2,1.68261904761905,posC_negT,0,negative
Residue/Mulch,Return to Labour,2,1,-0.5005,posC_negT,1,negative
Residue/Mulch,Benefit Cost Ratio (Unspecified),5,1,-1.6,posC_negT,0,negative
Reduced Irrigation,Gross Revenue,166,23,0.337156862745098,posC_negT,0,negative
Reduced Irrigation,Gross Profit,181,24,0.461852713178295,posC_negT,2,negative
Reduced Irrigation,Variable Cost,161,21,-0.154934210526316,posC_negT,0,negative
Reduced Irrigation,Total Cost,44,4,-0.115384615384615,posC_negT,0,negative
Reduced Irrigation,Net Profit,41,4,0.455555555555556,posC_negT,0,negative
Reduced Irrigation,Total Cost (Unconfirmed),10,2,0,posC_negT,0,negative
Reduced Irrigation,Net Profit (Unconfirmed),23,3,0.967733766233766,posC_negT,0,negative
Reduced Irrigation,Benefit Cost Ratio (NPTC),44,4,0.284615384615385,posC_negT,0,negative
Reduced Irrigation,Benefit Cost Ratio (GPVC),186,21,0.385921052631579,posC_negT,7,negative
Reduced Irrigation,Benefit Cost Ratio (Unspecified),2,1,-0.5,posC_negT,0,negative
Rotation,Gross Revenue,36,14,1.09271523178808,posC_negT,0,negative
Rotation,Gross Profit,99,21,0.63416393442623,posC_negT,0,negative
Rotation,Returns to Labour,54,1,1.68518518518519,posC_negT,0,negative
Rotation,Benefit Cost Ratio (Unspecified),5,2,0.25,posC_negT,0,negative
Rotation,Variable Cost,59,15,1.58064516129032,posC_negT,0,negative
Rotation,Benefit Cost Ratio (GPVC),63,15,0.870760368663595,posC_negT,0,negative
Rotation,Total Cost (Unconfirmed),2,1,2,posC_negT,0,negative
Rotation,Total Cost,8,2,0.5,posC_negT,0,negative
Rotation,Net Profit,8,2,2,posC_negT,0,negative
Rotation,Net Profit (Unconfirmed),8,2,1.68261904761905,posC_negT,0,negative
Rotation,Net Present Value,5,1,1.6004,posC_negT,0,negative
Rotation,Internal Rate of Return,5,1,2,posC_negT,0,negative
Rotation,Payback Period,5,1,2,posC_negT,0,negative
Rotation,Benefit Cost Ratio (NPTC),8,2,0.875,posC_negT,0,negative
Controlled Grazing,Gross Revenue,2,1,0.5,posC_negT,0,negative
Controlled Grazing,Variable Cost,2,1,1,posC_negT,0,negative
Controlled Grazing,Gross Profit,2,1,0.5,posC_negT,0,negative
Controlled Grazing,Benefit Cost Ratio (GPVC),2,1,-0.5,posC_negT,0,negative
Reduced Fert,Gross Revenue,402,37,0.0938771402280719,posC_negT,0,negative
Reduced Fert,Gross Profit,536,43,-0.10453125279909,posC_negT,21,negative
Reduced Fert,Returns to Labour,18,1,-0.666666666666667,posC_negT,0,negative
Reduced Fert,Variable Cost,373,39,-0.0564652387413582,posC_negT,0,negative
Reduced Fert,Benefit Cost Ratio (GPVC),393,39,0.434760193595671,posC_negT,3,negative
Reduced Fert,Benefit Cost Ratio (Unspecified),8,2,-0.227272727272727,posC_negT,0,negative
Reduced Fert,Total Cost (Unconfirmed),36,3,-0.316666666666667,posC_negT,0,negative
Reduced Fert,Net Profit,94,6,-0.481944444444445,posC_negT,0,negative
Reduced Fert,Benefit Cost Ratio (NPTC),114,6,0.508333333333333,posC_negT,0,negative
Reduced Fert,Total Cost,94,6,-0.30875,posC_negT,0,negative
Reduced Fert,Net Present Value,6,1,-0.499666666666667,posC_negT,0,negative
Reduced Fert,Marginal Rate of Return,9,2,0.666809523809524,posC_negT,0,negative
Reduced Fert,Return to Labour,4,1,0.5,posC_negT,0,negative
Controlled Release Fert,Gross Revenue,12,2,-0.416666666666667,posC_negT,0,negative
Controlled Release Fert,Gross Profit,12,2,-0.333333333333333,posC_negT,0,negative
Controlled Release Fert,Variable Cost,8,2,-0.25,posC_negT,0,negative
Controlled Release Fert,Net Profit,6,1,0.333333333333333,posC_negT,0,negative
Controlled Release Fert,Total Cost,6,1,-0.666666666666667,posC_negT,0,negative
Controlled Release Fert,Benefit Cost Ratio (GPVC),8,2,0,posC_negT,0,negative
Controlled Release Fert,Benefit Cost Ratio (NPTC),6,1,0.5,posC_negT,0,negative
IPM,Net Profit (Unconfirmed),11,3,0.57514652014652,posC_negT,0,negative
IPM,Gross Profit,14,3,-0.988095238095238,posC_negT,0,negative
IPM,Gross Revenue,16,5,0.347222222222222,posC_negT,0,negative
IPM,Variable Cost,14,3,0.523809523809524,posC_negT,0,negative
IPM,Benefit Cost Ratio (GPVC),25,3,-0.913928571428571,posC_negT,4,negative
IPM,Total Cost (Unconfirmed),1,1,1,posC_negT,0,negative
Cover Crops,Returns to Labour,27,1,1.40740740740741,posC_negT,0,negative
Cover Crops,Gross Revenue,49,12,0.734386363636364,posC_negT,0,negative
Cover Crops,Gross Profit,43,11,0.132481203007519,posC_negT,0,negative
Cover Crops,Variable Cost,47,11,0.69406015037594,posC_negT,0,negative
Cover Crops,Benefit Cost Ratio (GPVC),56,11,-0.59216992481203,posC_negT,0,negative
Cover Crops,Total Cost (Unconfirmed),9,2,0,posC_negT,0,negative
Cover Crops,Net Profit,14,3,0.555555555555556,posC_negT,0,negative
Cover Crops,Total Cost,18,4,0.300675675675676,posC_negT,0,negative
Cover Crops,Net Profit (Unconfirmed),8,2,0.349285714285714,posC_negT,0,negative
Cover Crops,Return on Investment,2,1,1,posC_negT,0,negative
Cover Crops,Internal Rate of Return,5,1,1.001,posC_negT,0,negative
Cover Crops,Net Present Value,5,1,1.001,posC_negT,0,negative
Cover Crops,Benefit Cost Ratio (NPTC),14,3,0.222222222222222,posC_negT,0,negative
Organic Fert,Gross Revenue,176,22,0.84955044955045,posC_negT,0,negative
Organic Fert,Gross Profit,229,24,0.646058680109673,posC_negT,1,negative
Organic Fert,Variable Cost,166,21,0.554126984126984,posC_negT,0,negative
Organic Fert,Benefit Cost Ratio (GPVC),180,21,0.467072125456243,posC_negT,1,negative
Organic Fert,Benefit Cost Ratio (Unspecified),6,3,0,posC_negT,0,negative
Organic Fert,Total Cost (Unconfirmed),5,2,0.5,posC_negT,0,negative
Organic Fert,Net Profit (Unconfirmed),8,2,0.892946428571429,posC_negT,0,negative
Organic Fert,Total Cost,42,3,0.537142857142857,posC_negT,0,negative
Organic Fert,Net Profit,43,4,0.576190476190476,posC_negT,0,negative
Organic Fert,Net Present Value,1,1,2,posC_negT,0,negative
Organic Fert,Internal Rate of Return,1,1,2,posC_negT,0,negative
Organic Fert,Payback Period,1,1,2,posC_negT,0,negative
Organic Fert,Return to Labour,2,1,-1.0005,posC_negT,1,negative
Organic Fert,Marginal Rate of Return,11,1,0.546,posC_negT,0,negative
Organic Fert,Benefit Cost Ratio (NPTC),41,3,1.29857142857143,posC_negT,0,negative
All Nbs,Variable Cost,1410,133,0.476912062520873,posC_negT,0,negative
All Nbs,Gross Profit,1974,155,0.447908240787271,posC_negT,56,negative
All Nbs,Gross Revenue,1442,138,0.532112617288316,posC_negT,0,negative
All Nbs,Total Cost,332,28,0.185903382928357,posC_negT,0,negative
All Nbs,Net Profit,332,28,0.486193212387627,posC_negT,2,negative
All Nbs,Net Profit (Unconfirmed),58,10,0.82061149825784,posC_negT,0,negative
All Nbs,Returns to Labour,99,1,1.18181818181818,posC_negT,0,negative
All Nbs,Labour Cost per Asset,19,2,1.5,posC_negT,0,negative
All Nbs,Benefit Cost Ratio (Unspecified),60,10,-0.0482384823848238,posC_negT,0,negative
All Nbs,Benefit Cost Ratio (GPVC),1494,131,0.448331904019477,posC_negT,32,negative
All Nbs,Benefit Cost Ratio (NPTC),371,28,0.464725543763514,posC_negT,2,negative
All Nbs,Marginal Rate of Return,24,4,0.415730769230769,posC_negT,0,negative
All Nbs,Total Cost (Unconfirmed),88,12,0.398015873015873,posC_negT,0,negative
All Nbs,Present Value of Benefit,4,2,2,posC_negT,0,negative
All Nbs,Present Value of Cost,4,2,0.2,posC_negT,0,negative
All Nbs,Net Present Value,77,7,0.916485303617571,posC_negT,0,negative
All Nbs,Return on Investment,4,2,1.57142857142857,posC_negT,0,negative
All Nbs,Internal Rate of Return,14,2,1.06442063492063,posC_negT,0,negative
All Nbs,Payback Period,9,1,2,posC_negT,0,negative
All Nbs,Fixed Cost,4,1,0,posC_negT,0,negative
All Nbs,Return to Labour,8,1,-0.12525,posC_negT,2,negative
